name,link,compensation,min,max,currency
Back-end Developer (Node/Java/Python),https://hh.ru/vacancy/46222999?from=vacancy_search_result&query=python,,,,
Junior Python Developer,https://hh.ru/vacancy/46629994?from=vacancy_search_result&query=python,,,,
Backend разработчик на Python / Java в Яндекс. Диск,https://hh.ru/vacancy/46606188?from=vacancy_search_result&query=python,,,,
Python developer / data engineer (Jun->Mid),https://hh.ru/vacancy/46392030?from=vacancy_search_result&query=python,120000 – 150000 руб.,120000,150000,руб.
Программист Python,https://hh.ru/vacancy/46314108?from=vacancy_search_result&query=python,до 350000 руб.,,350000,руб.
Senior Data Scientist,https://hh.ru/vacancy/46552746?from=vacancy_search_result&query=python,от 2800 USD,2800,,USD
Data-scientist,https://hh.ru/vacancy/44653300?from=vacancy_search_result&query=python,,,,
Python разработчик,https://hh.ru/vacancy/46314277?from=vacancy_search_result&query=python,от 250000 руб.,250000,,руб.
Разработчик Python,https://hh.ru/vacancy/46100136?from=vacancy_search_result&query=python,130000 – 200000 руб.,130000,200000,руб.
Middle QA Automation Engineer (Python),https://hh.ru/vacancy/43394113?from=vacancy_search_result&query=python,180000 – 250000 руб.,180000,250000,руб.
Системный программист C/C++ - Python,https://hh.ru/vacancy/45728641?from=vacancy_search_result&query=python,200000 – 300000 руб.,200000,300000,руб.
Программист Python,https://hh.ru/vacancy/46539766?from=vacancy_search_result&query=python,60000 – 200000 руб.,60000,200000,руб.
Программист Python,https://hh.ru/vacancy/46609645?from=vacancy_search_result&query=python,100000 – 125000 руб.,100000,125000,руб.
Junior разработчик Python Django,https://hh.ru/vacancy/45517979?from=vacancy_search_result&query=python,40000 – 80000 руб.,40000,80000,руб.
Python разработчик,https://hh.ru/vacancy/46615951?from=vacancy_search_result&query=python,от 200000 руб.,200000,,руб.
Middle Python Developer,https://hh.ru/vacancy/46618136?from=vacancy_search_result&query=python,160000 – 180000 руб.,160000,180000,руб.
Разработчик Python,https://hh.ru/vacancy/46630253?from=vacancy_search_result&query=python,,,,
Младший Python-разработчик,https://hh.ru/vacancy/46601004?from=vacancy_search_result&query=python,,,,
Старший python-разработчик,https://hh.ru/vacancy/46531633?from=vacancy_search_result&query=python,170000 – 220000 руб.,170000,220000,руб.
Python Backend Developer (FastAPI),https://hh.ru/vacancy/46451141?from=vacancy_search_result&query=python,100000 – 250000 руб.,100000,250000,руб.
Junior Python/ML разработчик,https://hh.ru/vacancy/46574604?from=vacancy_search_result&query=python,50000 – 150000 руб.,50000,150000,руб.
Back-end python программист,https://hh.ru/vacancy/45987039?from=vacancy_search_result&query=python,до 200000 руб.,,200000,руб.
Junior / Middle Data analyst,https://hh.ru/vacancy/46304633?from=vacancy_search_result&query=python,до 150000 руб.,,150000,руб.
Программист / Разработчик алгоритмов торговли на бирже,https://hh.ru/vacancy/46641507?from=vacancy_search_result&query=python,150000 – 220000 руб.,150000,220000,руб.
Teamlead Backend (Python),https://hh.ru/vacancy/45926598?from=vacancy_search_result&query=python,до 300000 руб.,,300000,руб.
Python-разработчик в R&D отдел,https://hh.ru/vacancy/45971399?from=vacancy_search_result&query=python,100000 – 150000 руб.,100000,150000,руб.
QA engineer (Data + Python),https://hh.ru/vacancy/45783106?from=vacancy_search_result&query=python,от 250000 руб.,250000,,руб.
Python developer,https://hh.ru/vacancy/30005963?from=vacancy_search_result&query=python,от 4000 USD,4000,,USD
Middle разработчик Python / Django (удалённо),https://hh.ru/vacancy/46235255?from=vacancy_search_result&query=python,,,,
Data science analytics,https://hh.ru/vacancy/45378636?from=vacancy_search_result&query=python,от 150000 руб.,150000,,руб.
Backend developer (Python),https://hh.ru/vacancy/46335651?from=vacancy_search_result&query=python,90000 – 150000 руб.,90000,150000,руб.
Главный разработчик Python,https://hh.ru/vacancy/46469775?from=vacancy_search_result&query=python,до 200000 руб.,,200000,руб.
Python разработчик,https://hh.ru/vacancy/46355830?from=vacancy_search_result&query=python,,,,
Data scientist (Junior/Middle) в консалтинг,https://hh.ru/vacancy/46453469?from=vacancy_search_result&query=python,,,,
Python-Разработчик (удаленно),https://hh.ru/vacancy/45785460?from=vacancy_search_result&query=python,от 180000 руб.,180000,,руб.
Python-разработчик (Маруся),https://hh.ru/vacancy/46588717?from=vacancy_search_result&query=python,,,,
"Junior Python разработчик ,удаленно",https://hh.ru/vacancy/46428148?from=vacancy_search_result&query=python,60000 – 80000 руб.,60000,80000,руб.
Python Developer,https://hh.ru/vacancy/40612238?from=vacancy_search_result&query=python,,,,
Python разработчик / Data Engineer (сервисы highload),https://hh.ru/vacancy/46268466?from=vacancy_search_result&query=python,,,,
Python developer (middle),https://hh.ru/vacancy/46603938?from=vacancy_search_result&query=python,от 120000 руб.,120000,,руб.
Senior Python Backend Developer (в команду Machine Learning),https://hh.ru/vacancy/46154323?from=vacancy_search_result&query=python,250000 – 350000 руб.,250000,350000,руб.
Разработчик (Python),https://hh.ru/vacancy/40551245?from=vacancy_search_result&query=python,100000 – 160000 руб.,100000,160000,руб.
Тестировщик (Python),https://hh.ru/vacancy/45450423?from=vacancy_search_result&query=python,,,,
Team Lead команды разработки (Python),https://hh.ru/vacancy/46620298?from=vacancy_search_result&query=python,,,,
Разработчик С/С++/Python,https://hh.ru/vacancy/44669716?from=vacancy_search_result&query=python,,,,
Python developer,https://hh.ru/vacancy/46523384?from=vacancy_search_result&query=python,,,,
Backend-разработчик Python,https://hh.ru/vacancy/45434650?from=vacancy_search_result&query=python,от 120000 руб.,120000,,руб.
Python developer,https://hh.ru/vacancy/46592744?from=vacancy_search_result&query=python,,,,
Middle Backend разработчик (Python),https://hh.ru/vacancy/46166950?from=vacancy_search_result&query=python,от 160000 руб.,160000,,руб.
Python Developer (Partners),https://hh.ru/vacancy/46631801?from=vacancy_search_result&query=python,,,,
Data Engineer / Разработчик,https://hh.ru/vacancy/46584432?from=vacancy_search_result&query=python,,,,
Разработчик Python (Django/Flask),https://hh.ru/vacancy/46575862?from=vacancy_search_result&query=python,150000 – 220000 руб.,150000,220000,руб.
Разработчик Python / Django,https://hh.ru/vacancy/46170713?from=vacancy_search_result&query=python,от 80000 руб.,80000,,руб.
Аналитик данных / Data scientist,https://hh.ru/vacancy/46639991?from=vacancy_search_result&query=python,,,,
Senior Python developer,https://hh.ru/vacancy/46327140?from=vacancy_search_result&query=python,от 200000 руб.,200000,,руб.
"Senior/Middle backend-разработчик (Python, Django)",https://hh.ru/vacancy/43298031?from=vacancy_search_result&query=python,150000 – 220000 руб.,150000,220000,руб.
Python разработчик,https://hh.ru/vacancy/46574600?from=vacancy_search_result&query=python,,,,
Data Scientist,https://hh.ru/vacancy/46012355?from=vacancy_search_result&query=python,3000 – 5000 USD,3000,5000,USD
Senior Python developer,https://hh.ru/vacancy/41263186?from=vacancy_search_result&query=python,от 200000 руб.,200000,,руб.
Back-end Developer (Python3),https://hh.ru/vacancy/46559189?from=vacancy_search_result&query=python,320000 – 550000 руб.,320000,550000,руб.
Middle Python Developer,https://hh.ru/vacancy/45924294?from=vacancy_search_result&query=python,160000 – 200000 руб.,160000,200000,руб.
Middle Python разработчик,https://hh.ru/vacancy/45851567?from=vacancy_search_result&query=python,,,,
Python Developer,https://hh.ru/vacancy/45560000?from=vacancy_search_result&query=python,4000 – 6000 USD,4000,6000,USD
Machine Learning Engineer,https://hh.ru/vacancy/45860704?from=vacancy_search_result&query=python,200000 – 350000 руб.,200000,350000,руб.
"Machine Learning Researcher (Senior): CV,GAN",https://hh.ru/vacancy/46175188?from=vacancy_search_result&query=python,от 200000 руб.,200000,,руб.
Старший AI/ML инженер,https://hh.ru/vacancy/46294311?from=vacancy_search_result&query=python,,,,
Team Lead Python,https://hh.ru/vacancy/46598477?from=vacancy_search_result&query=python,,,,
Программист Python (удаленно),https://hh.ru/vacancy/45864751?from=vacancy_search_result&query=python,,,,
Разработчик (Python/PHP),https://hh.ru/vacancy/45834844?from=vacancy_search_result&query=python,80000 – 120000 руб.,80000,120000,руб.
Инженер - Разработчик Python,https://hh.ru/vacancy/46454134?from=vacancy_search_result&query=python,,,,
Инженер - программист 2 категории PYTHON (MIDDLE PYTHON),https://hh.ru/vacancy/44317825?from=vacancy_search_result&query=python,от 100000 руб.,100000,,руб.
Программист Python,https://hh.ru/vacancy/45943518?from=vacancy_search_result&query=python,от 210000 руб.,210000,,руб.
Python Developer,https://hh.ru/vacancy/42358806?from=vacancy_search_result&query=python,,,,
Backend developer (Python),https://hh.ru/vacancy/43674097?from=vacancy_search_result&query=python,150000 – 300000 руб.,150000,300000,руб.
Middle/Senior Python Developer,https://hh.ru/vacancy/46008191?from=vacancy_search_result&query=python,до 220000 руб.,,220000,руб.
Junior разработчик Computer Vision со знанием Python,https://hh.ru/vacancy/46564524?from=vacancy_search_result&query=python,,,,
Middle Python Developer,https://hh.ru/vacancy/46355308?from=vacancy_search_result&query=python,,,,
Middle Backend разработчик (Python),https://hh.ru/vacancy/46017119?from=vacancy_search_result&query=python,до 150000 руб.,,150000,руб.
Data scientist,https://hh.ru/vacancy/46360129?from=vacancy_search_result&query=python,,,,
Python разработчик,https://hh.ru/vacancy/46557882?from=vacancy_search_result&query=python,,,,
Senior Python Developer (DS направление),https://hh.ru/vacancy/46346489?from=vacancy_search_result&query=python,,,,
Разработчик Python \ Python Developer,https://hh.ru/vacancy/46563698?from=vacancy_search_result&query=python,от 150000 руб.,150000,,руб.
Разработчик / Инженер-программист (Python),https://hh.ru/vacancy/46548267?from=vacancy_search_result&query=python,до 230000 руб.,,230000,руб.
Разработчик Python (Sbersource),https://hh.ru/vacancy/45789965?from=vacancy_search_result&query=python,,,,
Data Scientist,https://hh.ru/vacancy/46105334?from=vacancy_search_result&query=python,100000 – 150000 руб.,100000,150000,руб.
Python developer,https://hh.ru/vacancy/46550983?from=vacancy_search_result&query=python,от 1800 EUR,1800,,EUR
Middle Python backend developer,https://hh.ru/vacancy/45872320?from=vacancy_search_result&query=python,90000 – 180000 руб.,90000,180000,руб.
Аналитик данных (Python),https://hh.ru/vacancy/46559133?from=vacancy_search_result&query=python,,,,
Data Scientist / Аналитик больших данных,https://hh.ru/vacancy/46458560?from=vacancy_search_result&query=python,,,,
Python Backend Developer,https://hh.ru/vacancy/46605214?from=vacancy_search_result&query=python,,,,
Python/Go разработчик,https://hh.ru/vacancy/46265512?from=vacancy_search_result&query=python,,,,
Разработчик PYTHON,https://hh.ru/vacancy/46413968?from=vacancy_search_result&query=python,от 120000 руб.,120000,,руб.
Python Программист-разработчик,https://hh.ru/vacancy/43661388?from=vacancy_search_result&query=python,,,,
Python разработчик (Middle/Senior),https://hh.ru/vacancy/46543201?from=vacancy_search_result&query=python,,,,
Senior Python Developer,https://hh.ru/vacancy/46439735?from=vacancy_search_result&query=python,3000 – 5000 USD,3000,5000,USD
"Программист C/C++/Python, сетевой стек OPENWRT/Linux (частичная занятость)",https://hh.ru/vacancy/45672749?from=vacancy_search_result&query=python,50000 – 120000 руб.,50000,120000,руб.
Программист Python (Middle),https://hh.ru/vacancy/46205242?from=vacancy_search_result&query=python,100000 – 160000 руб.,100000,160000,руб.
Backend Python Developer продукт Video Analytics (MTS AI),https://hh.ru/vacancy/45971020?from=vacancy_search_result&query=python,,,,
"Python/С++ developer (IoT, Embedded)",https://hh.ru/vacancy/46548610?from=vacancy_search_result&query=python,,,,
Data scientist,https://hh.ru/vacancy/46551380?from=vacancy_search_result&query=python,,,,
Руководитель Центра информационных технологий,https://hh.ru/vacancy/45947602?from=vacancy_search_result&query=python,от 200000 руб.,200000,,руб.
Senior Quantitative Researcher,https://hh.ru/vacancy/46406039?from=vacancy_search_result&query=python,,,,
Старший менеджер по маркетинговому анализу,https://hh.ru/vacancy/46208373?from=vacancy_search_result&query=python,,,,
QA Engineer,https://hh.ru/vacancy/46551347?from=vacancy_search_result&query=python,от 260000 руб.,260000,,руб.
Эксперт по кибербезопасности,https://hh.ru/vacancy/45929572?from=vacancy_search_result&query=python,,,,
Reinforcement Learning Engineer в Лабораторию Робототехники,https://hh.ru/vacancy/46575164?from=vacancy_search_result&query=python,,,,
Senior QA Automation Engineer,https://hh.ru/vacancy/45114143?from=vacancy_search_result&query=python,200000 – 250000 руб.,200000,250000,руб.
Специалист по реагированию на инциденты информационной безопасности (Incident Response),https://hh.ru/vacancy/46596546?from=vacancy_search_result&query=python,,,,
Разработчик сетевого программного обеспечения (удаленно),https://hh.ru/vacancy/44789573?from=vacancy_search_result&query=python,,,,
Старший специалист по аналитике и отчетности,https://hh.ru/vacancy/45403971?from=vacancy_search_result&query=python,,,,
Менеджер по работе с партнерами,https://hh.ru/vacancy/45198778?from=vacancy_search_result&query=python,,,,
Web-программист (удаленно),https://hh.ru/vacancy/46427913?from=vacancy_search_result&query=python,от 30000 руб.,30000,,руб.
ИТ-аудитор,https://hh.ru/vacancy/45794304?from=vacancy_search_result&query=python,,,,
Инженер Сопровождения Платформы ГосТех,https://hh.ru/vacancy/46108922?from=vacancy_search_result&query=python,,,,
Руководитель IT разработки / Backend Team lead,https://hh.ru/vacancy/45621398?from=vacancy_search_result&query=python,,,,
Middle/Senior Frontend Developer,https://hh.ru/vacancy/43978596?from=vacancy_search_result&query=python,от 250000 руб.,250000,,руб.
Системный администратор,https://hh.ru/vacancy/46330543?from=vacancy_search_result&query=python,100000 – 100000 руб.,100000,100000,руб.
Аналитик Junior+/Middle,https://hh.ru/vacancy/46442114?from=vacancy_search_result&query=python,,,,
Младший специалист по анализу вредоносных программ,https://hh.ru/vacancy/46594693?from=vacancy_search_result&query=python,,,,
"Product Analyst (Junior/Middle), Москва",https://hh.ru/vacancy/45762386?from=vacancy_search_result&query=python,,,,
Back-end Developer (Node/Java/Python),https://hh.ru/vacancy/46222999?from=vacancy_search_result&query=python,,,,
Junior Python Developer,https://hh.ru/vacancy/46629994?from=vacancy_search_result&query=python,,,,
Backend разработчик на Python / Java в Яндекс. Диск,https://hh.ru/vacancy/46606188?from=vacancy_search_result&query=python,,,,
Python developer / data engineer (Jun->Mid),https://hh.ru/vacancy/46392030?from=vacancy_search_result&query=python,120000 – 150000 руб.,120000,150000,руб.
Программист Python,https://hh.ru/vacancy/46314108?from=vacancy_search_result&query=python,до 350000 руб.,,350000,руб.
Senior Data Scientist,https://hh.ru/vacancy/46552746?from=vacancy_search_result&query=python,от 2800 USD,2800,,USD
Data-scientist,https://hh.ru/vacancy/44653300?from=vacancy_search_result&query=python,,,,
Python разработчик,https://hh.ru/vacancy/46314277?from=vacancy_search_result&query=python,от 250000 руб.,250000,,руб.
Разработчик Python,https://hh.ru/vacancy/46100136?from=vacancy_search_result&query=python,130000 – 200000 руб.,130000,200000,руб.
Middle QA Automation Engineer (Python),https://hh.ru/vacancy/43394113?from=vacancy_search_result&query=python,180000 – 250000 руб.,180000,250000,руб.
Системный программист C/C++ - Python,https://hh.ru/vacancy/45728641?from=vacancy_search_result&query=python,200000 – 300000 руб.,200000,300000,руб.
Программист Python,https://hh.ru/vacancy/46539766?from=vacancy_search_result&query=python,60000 – 200000 руб.,60000,200000,руб.
Программист Python,https://hh.ru/vacancy/46609645?from=vacancy_search_result&query=python,100000 – 125000 руб.,100000,125000,руб.
Junior разработчик Python Django,https://hh.ru/vacancy/45517979?from=vacancy_search_result&query=python,40000 – 80000 руб.,40000,80000,руб.
Python разработчик,https://hh.ru/vacancy/46615951?from=vacancy_search_result&query=python,от 200000 руб.,200000,,руб.
Middle Python Developer,https://hh.ru/vacancy/46618136?from=vacancy_search_result&query=python,160000 – 180000 руб.,160000,180000,руб.
Разработчик Python,https://hh.ru/vacancy/46630253?from=vacancy_search_result&query=python,,,,
Младший Python-разработчик,https://hh.ru/vacancy/46601004?from=vacancy_search_result&query=python,,,,
Старший python-разработчик,https://hh.ru/vacancy/46531633?from=vacancy_search_result&query=python,170000 – 220000 руб.,170000,220000,руб.
Python Backend Developer (FastAPI),https://hh.ru/vacancy/46451141?from=vacancy_search_result&query=python,100000 – 250000 руб.,100000,250000,руб.
Senior Software Engineer (Python + Open edX),https://hh.ru/vacancy/45603878?from=vacancy_search_result&query=python,250000 – 300000 руб.,250000,300000,руб.
ML Engineer / MLOps (middle to senior),https://hh.ru/vacancy/46331793?from=vacancy_search_result&query=python,,,,
Руководитель направления Python/GO,https://hh.ru/vacancy/45286374?from=vacancy_search_result&query=python,,,,
Senior Software Engineer (Python),https://hh.ru/vacancy/45217475?from=vacancy_search_result&query=python,250000 – 300000 руб.,250000,300000,руб.
Senior Python (Flask) Developer / Python Team Lead,https://hh.ru/vacancy/45904073?from=vacancy_search_result&query=python,,,,
Data Scientist,https://hh.ru/vacancy/46200588?from=vacancy_search_result&query=python,,,,
Python backend developer,https://hh.ru/vacancy/46386511?from=vacancy_search_result&query=python,150000 – 500000 руб.,150000,500000,руб.
Программист Python,https://hh.ru/vacancy/42923969?from=vacancy_search_result&query=python,от 120000 руб.,120000,,руб.
Python Developer,https://hh.ru/vacancy/43910922?from=vacancy_search_result&query=python,,,,
Data Analyst,https://hh.ru/vacancy/46564975?from=vacancy_search_result&query=python,,,,
Разработчик Python/SQL,https://hh.ru/vacancy/46528871?from=vacancy_search_result&query=python,от 100000 руб.,100000,,руб.
Python Developer / Разработчик Python,https://hh.ru/vacancy/45229185?from=vacancy_search_result&query=python,от 100000 руб.,100000,,руб.
Senior Data Scientist (в Анапу),https://hh.ru/vacancy/46497617?from=vacancy_search_result&query=python,150000 – 250000 руб.,150000,250000,руб.
Backend developer Python,https://hh.ru/vacancy/46566521?from=vacancy_search_result&query=python,,,,
Специалист по хранению данных (data engineer),https://hh.ru/vacancy/45917399?from=vacancy_search_result&query=python,,,,
ML Engineer (Python) SberDevices,https://hh.ru/vacancy/46269028?from=vacancy_search_result&query=python,,,,
Middlе/Senior Python Developer,https://hh.ru/vacancy/46192071?from=vacancy_search_result&query=python,150000 – 250000 руб.,150000,250000,руб.
Middle python-разработчик (aiohttp),https://hh.ru/vacancy/46531100?from=vacancy_search_result&query=python,150000 – 220000 руб.,150000,220000,руб.
Data engineer,https://hh.ru/vacancy/44441141?from=vacancy_search_result&query=python,,,,
Lead/Senior Data scientist,https://hh.ru/vacancy/46589404?from=vacancy_search_result&query=python,,,,
Data Scientist,https://hh.ru/vacancy/46149708?from=vacancy_search_result&query=python,,,,
Middle Data Engineer,https://hh.ru/vacancy/46178018?from=vacancy_search_result&query=python,,,,
Web-разработчик (Python),https://hh.ru/vacancy/45814971?from=vacancy_search_result&query=python,,,,
Backend разработчик (Python Django),https://hh.ru/vacancy/46516665?from=vacancy_search_result&query=python,от 130000 руб.,130000,,руб.
Senior Backend Developer (Python),https://hh.ru/vacancy/46178048?from=vacancy_search_result&query=python,,,,
Junior Python Developer,https://hh.ru/vacancy/46487121?from=vacancy_search_result&query=python,,,,
Python backend developer (он-лайн кинотеатр KION),https://hh.ru/vacancy/46499114?from=vacancy_search_result&query=python,,,,
Senior Python Developer,https://hh.ru/vacancy/44878097?from=vacancy_search_result&query=python,,,,
Инженер-разработчик Python,https://hh.ru/vacancy/46367489?from=vacancy_search_result&query=python,,,,
"Team Lead в Tripster (Python, Django, Celery, Redis, Elasticsearch)",https://hh.ru/vacancy/46551512?from=vacancy_search_result&query=python,,,,
Senior Python Developer,https://hh.ru/vacancy/43068985?from=vacancy_search_result&query=python,,,,
Team Lead Python,https://hh.ru/vacancy/46281602?from=vacancy_search_result&query=python,,,,
Python Разработчик,https://hh.ru/vacancy/46403957?from=vacancy_search_result&query=python,,,,
Программист Python,https://hh.ru/vacancy/43941823?from=vacancy_search_result&query=python,,,,
Python developer (Big Data),https://hh.ru/vacancy/40289976?from=vacancy_search_result&query=python,,,,
Программист Python,https://hh.ru/vacancy/45986553?from=vacancy_search_result&query=python,120000 – 150000 руб.,120000,150000,руб.
Программист Python,https://hh.ru/vacancy/43156201?from=vacancy_search_result&query=python,,,,
Программист Python,https://hh.ru/vacancy/45777723?from=vacancy_search_result&query=python,,,,
Data Engineer (аналитик больших данных),https://hh.ru/vacancy/46582001?from=vacancy_search_result&query=python,,,,
Python разработчик,https://hh.ru/vacancy/41179196?from=vacancy_search_result&query=python,,,,
Elixir разработчик (middle),https://hh.ru/vacancy/42995987?from=vacancy_search_result&query=python,,,,
"Fullstack Developer (React, node.js)",https://hh.ru/vacancy/46192887?from=vacancy_search_result&query=python,200000 – 350000 руб.,200000,350000,руб.
Data Scientist - команда CLTV. Дивизион `Массовая персонализация`,https://hh.ru/vacancy/46575427?from=vacancy_search_result&query=python,,,,
Администратор/Инженер систем мониторинга,https://hh.ru/vacancy/46606588?from=vacancy_search_result&query=python,,,,
DevOps инженер,https://hh.ru/vacancy/46578371?from=vacancy_search_result&query=python,,,,
.NET Developer,https://hh.ru/vacancy/46591008?from=vacancy_search_result&query=python,до 300000 руб.,,300000,руб.
Risk Analyst / Риск аналитик,https://hh.ru/vacancy/46592077?from=vacancy_search_result&query=python,,,,
DS на проекты разработки бизнес-ориентированных моделей для корпоративных клиентов (Big Data),https://hh.ru/vacancy/44161132?from=vacancy_search_result&query=python,,,,
"Senior System Architect (Unix/Linux, DevOps, POS, Public Clouds)",https://hh.ru/vacancy/44113805?from=vacancy_search_result&query=python,,,,
Product manager | Продакт менеджер,https://hh.ru/vacancy/46232027?from=vacancy_search_result&query=python,от 150000 руб.,150000,,руб.
QA automation engineer (Communications),https://hh.ru/vacancy/45768525?from=vacancy_search_result&query=python,,,,
Data Engineer / Инженер данных,https://hh.ru/vacancy/46173917?from=vacancy_search_result&query=python,,,,
Junior Econometrician / Младший эконометрист,https://hh.ru/vacancy/45788676?from=vacancy_search_result&query=python,,,,
Системный аналитик,https://hh.ru/vacancy/46598833?from=vacancy_search_result&query=python,,,,
Системный инженер / System engineer,https://hh.ru/vacancy/46588078?from=vacancy_search_result&query=python,,,,
Linux инженер,https://hh.ru/vacancy/46604268?from=vacancy_search_result&query=python,от 150000 руб.,150000,,руб.
Аналитик,https://hh.ru/vacancy/46396977?from=vacancy_search_result&query=python,,,,
IT Recruiter,https://hh.ru/vacancy/46622298?from=vacancy_search_result&query=python,,,,
Системный администратор Linux / Сетевой инженер,https://hh.ru/vacancy/34677703?from=vacancy_search_result&query=python,,,,
Специалист по машинному обучению/Data scientist,https://hh.ru/vacancy/46127817?from=vacancy_search_result&query=python,,,,
Продуктовый аналитик,https://hh.ru/vacancy/46588869?from=vacancy_search_result&query=python,,,,
Продуктовый аналитик,https://hh.ru/vacancy/46590485?from=vacancy_search_result&query=python,,,,
Специалист по мониторингу,https://hh.ru/vacancy/44368626?from=vacancy_search_result&query=python,,,,
Эксперт по техническим расчетам радиоподсистемы,https://hh.ru/vacancy/46375396?from=vacancy_search_result&query=python,,,,
Аналитик данных (Data Engineer).,https://hh.ru/vacancy/46568848?from=vacancy_search_result&query=python,,,,
"Программист-разработчик (STM32, C/C++) - автономные роботы и навигация",https://hh.ru/vacancy/44574032?from=vacancy_search_result&query=python,40000 – 150000 руб.,40000,150000,руб.
Web-аналитик,https://hh.ru/vacancy/42398250?from=vacancy_search_result&query=python,,,,
Senior Recruiter,https://hh.ru/vacancy/46191480?from=vacancy_search_result&query=python,,,,
Аналитик,https://hh.ru/vacancy/45922843?from=vacancy_search_result&query=python,,,,
Data engineer/Data administrator [Remote],https://hh.ru/vacancy/46269276?from=vacancy_search_result&query=python,,,,
Тестировщик в Яндекс.Мессенджер,https://hh.ru/vacancy/45797514?from=vacancy_search_result&query=python,,,,
C++ Developer,https://hh.ru/vacancy/45870109?from=vacancy_search_result&query=python,,,,
DevOps Engineer,https://hh.ru/vacancy/46574830?from=vacancy_search_result&query=python,180000 – 250000 руб.,180000,250000,руб.
Senior DevOps Engineer - Sales Home,https://hh.ru/vacancy/46192682?from=vacancy_search_result&query=python,,,,
Дежурный сетевой инженер,https://hh.ru/vacancy/44405943?from=vacancy_search_result&query=python,,,,
Инженер разработки и поддержки дистрибутивов Linux,https://hh.ru/vacancy/46589934?from=vacancy_search_result&query=python,,,,
Разработчик в команду качества поиска,https://hh.ru/vacancy/45768556?from=vacancy_search_result&query=python,,,,
Senior Data Scientist в NLP лабораторию,https://hh.ru/vacancy/46565336?from=vacancy_search_result&query=python,,,,
Технический специалист,https://hh.ru/vacancy/46639905?from=vacancy_search_result&query=python,,,,
QA engineer,https://hh.ru/vacancy/45781809?from=vacancy_search_result&query=python,,,,
Technology Account Manager,https://hh.ru/vacancy/46622543?from=vacancy_search_result&query=python,,,,
DevOps Engineer на мобильную RTS (Remote),https://hh.ru/vacancy/46423002?from=vacancy_search_result&query=python,80000 – 200000 руб.,80000,200000,руб.
QA Automation Engineer,https://hh.ru/vacancy/46279032?from=vacancy_search_result&query=python,2000 – 3500 USD,2000,3500,USD
Backend Engineer,https://hh.ru/vacancy/46568978?from=vacancy_search_result&query=python,2300 – 2700 USD,2300,2700,USD
Сервисный инженер,https://hh.ru/vacancy/45938194?from=vacancy_search_result&query=python,100000 – 150000 руб.,100000,150000,руб.
Lead Data Analytics в Skypro,https://hh.ru/vacancy/44929748?from=vacancy_search_result&query=python,,,,
Sr Backend developer - Golang (US contract),https://hh.ru/vacancy/43814495?from=vacancy_search_result&query=python,,,,
Бизнес-аналитик,https://hh.ru/vacancy/41919654?from=vacancy_search_result&query=python,от 100000 руб.,100000,,руб.
Ведущий инженер АСУ / Lead Automation engineer,https://hh.ru/vacancy/46061140?from=vacancy_search_result&query=python,,,,
MLOps Engineer,https://hh.ru/vacancy/46125456?from=vacancy_search_result&query=python,,,,
Инженер-стажер по автоматизированному тестированию,https://hh.ru/vacancy/46176266?from=vacancy_search_result&query=python,,,,
Системный/бизнес аналитик практики Retail,https://hh.ru/vacancy/45693691?from=vacancy_search_result&query=python,,,,
Администратор БД,https://hh.ru/vacancy/46300418?from=vacancy_search_result&query=python,,,,
BIM-координатор,https://hh.ru/vacancy/46479703?from=vacancy_search_result&query=python,100000 – 100000 руб.,100000,100000,руб.
Главный программист,https://hh.ru/vacancy/44490556?from=vacancy_search_result&query=python,,,,
Аналитик,https://hh.ru/vacancy/45710231?from=vacancy_search_result&query=python,,,,
DevOps Engineer (Kubernetes) в Evrone,https://hh.ru/vacancy/46425284?from=vacancy_search_result&query=python,150000 – 300000 руб.,150000,300000,руб.
Продуктовый аналитик в Яндекс.Объявления (Яндекс.Вертикали),https://hh.ru/vacancy/46235640?from=vacancy_search_result&query=python,,,,
Аналитик,https://hh.ru/vacancy/46588939?from=vacancy_search_result&query=python,,,,
Продуктовый аналитик в Яндекс.Недвижимость (команда Яндекс.Вертикали),https://hh.ru/vacancy/46235654?from=vacancy_search_result&query=python,,,,
Руководитель разработки в новую бизнес вертикаль,https://hh.ru/vacancy/46060863?from=vacancy_search_result&query=python,,,,
Руководитель группы разработки ОС Аврора,https://hh.ru/vacancy/33428018?from=vacancy_search_result&query=python,,,,
Инженер SRE,https://hh.ru/vacancy/42314003?from=vacancy_search_result&query=python,,,,
Ведущий разработчик C++ (Middle/ Senior),https://hh.ru/vacancy/41565530?from=vacancy_search_result&query=python,,,,
Affiliate marketing manager,https://hh.ru/vacancy/45635276?from=vacancy_search_result&query=python,,,,
Data analyst,https://hh.ru/vacancy/46574325?from=vacancy_search_result&query=python,,,,
Senior C++ developer,https://hh.ru/vacancy/45380834?from=vacancy_search_result&query=python,от 250000 руб.,250000,,руб.
Разработчик по оптимизации бизнес-процессов (Python),https://hh.ru/vacancy/46554428?from=vacancy_search_result&query=python,,,,
Программист (Тьютор/Наставник/Преподаватель) КиберШколы,https://hh.ru/vacancy/46575930?from=vacancy_search_result&query=python,40000 – 50000 руб.,40000,50000,руб.
Ведущий инженер тестирования (Интеграция и сопровождение эквайринга),https://hh.ru/vacancy/44361497?from=vacancy_search_result&query=python,,,,
Системный администратор Linux,https://hh.ru/vacancy/46586252?from=vacancy_search_result&query=python,,,,
Data engener,https://hh.ru/vacancy/46559439?from=vacancy_search_result&query=python,,,,
Системный администратор / инженер,https://hh.ru/vacancy/46336382?from=vacancy_search_result&query=python,100000 – 130000 руб.,100000,130000,руб.
Аналитик Data Science,https://hh.ru/vacancy/46558719?from=vacancy_search_result&query=python,150000 – 200000 руб.,150000,200000,руб.
Разработчик (C++ или C#),https://hh.ru/vacancy/44318121?from=vacancy_search_result&query=python,,,,
Инженер по нагрузочному тестированию платформы 1С:Предприятие и типовых конфигураций,https://hh.ru/vacancy/45782294?from=vacancy_search_result&query=python,,,,
Главный специалист SOC Отдел мониторинга и реагирования на инциденты,https://hh.ru/vacancy/46601929?from=vacancy_search_result&query=python,,,,
"Senior Programmer, Game (C++)/Ведущий программист C++",https://hh.ru/vacancy/46263339?from=vacancy_search_result&query=python,,,,
Инженер технической поддержки (macOS/*nix),https://hh.ru/vacancy/46589127?from=vacancy_search_result&query=python,,,,
Системный администратор Linux / DevOps (Junior / Middle),https://hh.ru/vacancy/44573256?from=vacancy_search_result&query=python,150000 – 300000 руб.,150000,300000,руб.
Старший системный администратор Linux,https://hh.ru/vacancy/43452717?from=vacancy_search_result&query=python,,,,
1С:Эксперт по технологическим вопросам платформы «1С:Предприятие 8»,https://hh.ru/vacancy/43648673?from=vacancy_search_result&query=python,,,,
Аналитик данных,https://hh.ru/vacancy/46264635?from=vacancy_search_result&query=python,от 130000 руб.,130000,,руб.
Bioinformatics scientist (NGS),https://hh.ru/vacancy/46569255?from=vacancy_search_result&query=python,,,,
Statistician/Data Analyst,https://hh.ru/vacancy/46569997?from=vacancy_search_result&query=python,,,,
Системный администратор прикладного ПО,https://hh.ru/vacancy/46415425?from=vacancy_search_result&query=python,,,,
DevOps инженер,https://hh.ru/vacancy/44360630?from=vacancy_search_result&query=python,,,,
DevOps-инженер (junior),https://hh.ru/vacancy/45108529?from=vacancy_search_result&query=python,120000 – 140000 руб.,120000,140000,руб.
Младший директор отдела валидации,https://hh.ru/vacancy/45902639?from=vacancy_search_result&query=python,,,,
Middle QA Automation Engineer,https://hh.ru/vacancy/46569077?from=vacancy_search_result&query=python,,,,
Администратор ИС,https://hh.ru/vacancy/45634043?from=vacancy_search_result&query=python,,,,
"Инженер по автоматизации тестирования Python, Личный кабинет продавца / Доставка",https://hh.ru/vacancy/46553981?from=vacancy_search_result&query=python,,,,
Android Engineer Infrastructure team,https://hh.ru/vacancy/44917667?from=vacancy_search_result&query=python,,,,
Manual QA Engineer,https://hh.ru/vacancy/46575621?from=vacancy_search_result&query=python,,,,
Специалист технической поддержки (системный инженер / DevOps),https://hh.ru/vacancy/46128809?from=vacancy_search_result&query=python,100000 – 120000 руб.,100000,120000,руб.
"DevOps инженер (Middle+, Middle, Junior+)",https://hh.ru/vacancy/46122529?from=vacancy_search_result&query=python,150000 – 200000 руб.,150000,200000,руб.
Application Security specialist,https://hh.ru/vacancy/43166240?from=vacancy_search_result&query=python,,,,
Системный администратор Linux,https://hh.ru/vacancy/45118007?from=vacancy_search_result&query=python,,,,
Campaign Manager (менеджер CRM кампаний),https://hh.ru/vacancy/45754296?from=vacancy_search_result&query=python,,,,
BIM-координатор,https://hh.ru/vacancy/46521817?from=vacancy_search_result&query=python,от 90000 руб.,90000,,руб.
Senior Python Engineer / MLOps,https://hh.ru/vacancy/45811421?from=vacancy_search_result&query=python,,,,
Senior Python Developer (удаленный вид сотрудничества),https://hh.ru/vacancy/46358938?from=vacancy_search_result&query=python,до 5000 USD,,5000,USD
Python-разработчик в Паспорт,https://hh.ru/vacancy/45162547?from=vacancy_search_result&query=python,,,,
"Junior/middle Data Engineer (SQL, ELT/ETL, DWH)",https://hh.ru/vacancy/43730950?from=vacancy_search_result&query=python,,,,
Python developer (Kaspersky Anti Targeted Attack),https://hh.ru/vacancy/42522896?from=vacancy_search_result&query=python,,,,
Senior Data Scientist/ML Engineer SberDevices,https://hh.ru/vacancy/45656342?from=vacancy_search_result&query=python,,,,
Data Scientist (Junior),https://hh.ru/vacancy/46468358?from=vacancy_search_result&query=python,от 1500 USD,1500,,USD
Python разработчик в SberDevices (b2e),https://hh.ru/vacancy/44536394?from=vacancy_search_result&query=python,,,,
Data engineer,https://hh.ru/vacancy/46527631?from=vacancy_search_result&query=python,,,,
Программист Python or Ruby on Rails,https://hh.ru/vacancy/46315571?from=vacancy_search_result&query=python,90000 – 200000 руб.,90000,200000,руб.
Python разработчик (Senior),https://hh.ru/vacancy/46521198?from=vacancy_search_result&query=python,,,,
Разработчик Python,https://hh.ru/vacancy/46511035?from=vacancy_search_result&query=python,,,,
Python Backend разработчик,https://hh.ru/vacancy/45058391?from=vacancy_search_result&query=python,,,,
Data Scientist,https://hh.ru/vacancy/45920692?from=vacancy_search_result&query=python,,,,
Python разработчик в SberDevices (направление B2B2C),https://hh.ru/vacancy/41032029?from=vacancy_search_result&query=python,,,,
Data Engineer,https://hh.ru/vacancy/46467053?from=vacancy_search_result&query=python,,,,
Junior Python Developer,https://hh.ru/vacancy/46420684?from=vacancy_search_result&query=python,от 100000 руб.,100000,,руб.
Middle Python разработчик в SberDevices (инфраструктура поиска),https://hh.ru/vacancy/44205521?from=vacancy_search_result&query=python,,,,
Senior Data Scientist,https://hh.ru/vacancy/44594615?from=vacancy_search_result&query=python,,,,
Data engineer,https://hh.ru/vacancy/38275082?from=vacancy_search_result&query=python,,,,
Senior Data Scientist,https://hh.ru/vacancy/44721955?from=vacancy_search_result&query=python,,,,
Junior Python Developer,https://hh.ru/vacancy/46391520?from=vacancy_search_result&query=python,,,,
Python/Go developer,https://hh.ru/vacancy/46445708?from=vacancy_search_result&query=python,,,,
Python программист,https://hh.ru/vacancy/40942389?from=vacancy_search_result&query=python,,,,
Senior Python Разработчик,https://hh.ru/vacancy/46536081?from=vacancy_search_result&query=python,,,,
Python-разработчик,https://hh.ru/vacancy/45309802?from=vacancy_search_result&query=python,200000 – 250000 руб.,200000,250000,руб.
Data Scientist (CRS),https://hh.ru/vacancy/46553794?from=vacancy_search_result&query=python,,,,
ML/Backend Engineer (Python),https://hh.ru/vacancy/45776161?from=vacancy_search_result&query=python,,,,
Team Leader Data Scientist,https://hh.ru/vacancy/46477747?from=vacancy_search_result&query=python,,,,
Middle/Senior Data Analyst,https://hh.ru/vacancy/46023548?from=vacancy_search_result&query=python,,,,
"Data Scientist (python, machine learning)",https://hh.ru/vacancy/46471625?from=vacancy_search_result&query=python,,,,
Программист Python,https://hh.ru/vacancy/44311243?from=vacancy_search_result&query=python,,,,
Ведущий Python-разработчик,https://hh.ru/vacancy/46390522?from=vacancy_search_result&query=python,200000 – 270000 руб.,200000,270000,руб.
DATA аналитик (Data science),https://hh.ru/vacancy/46194841?from=vacancy_search_result&query=python,от 120000 руб.,120000,,руб.
Python Developer,https://hh.ru/vacancy/46401640?from=vacancy_search_result&query=python,3500 – 4000 USD,3500,4000,USD
Middle/Senior Data Scientist (computer vision),https://hh.ru/vacancy/44722047?from=vacancy_search_result&query=python,,,,
Middle Data Scientist,https://hh.ru/vacancy/45796341?from=vacancy_search_result&query=python,,,,
Fullstack Python developer,https://hh.ru/vacancy/46373028?from=vacancy_search_result&query=python,200000 – 500000 руб.,200000,500000,руб.
Разработчик Python (backend),https://hh.ru/vacancy/45193091?from=vacancy_search_result&query=python,,,,
Разработчик-тестировщик Python / C++,https://hh.ru/vacancy/46350377?from=vacancy_search_result&query=python,,,,
Рекрутер в команду беспилотника (Automotive),https://hh.ru/vacancy/45970616?from=vacancy_search_result&query=python,,,,
Бизнес аналитик / системный аналитик,https://hh.ru/vacancy/46215821?from=vacancy_search_result&query=python,от 100000 руб.,100000,,руб.
DevOps Engineer,https://hh.ru/vacancy/45496587?from=vacancy_search_result&query=python,,,,
Тестировщик (QA engineer),https://hh.ru/vacancy/46026041?from=vacancy_search_result&query=python,от 80000 руб.,80000,,руб.
Manual QA Specialist / Tester,https://hh.ru/vacancy/45726886?from=vacancy_search_result&query=python,,,,
Data analyst,https://hh.ru/vacancy/46575962?from=vacancy_search_result&query=python,,,,
Ведущий аналитик (gamedev),https://hh.ru/vacancy/43504375?from=vacancy_search_result&query=python,,,,
Сетевой инженер CCNA/HCIA,https://hh.ru/vacancy/43730897?from=vacancy_search_result&query=python,,,,
Продуктовый аналитик,https://hh.ru/vacancy/46597995?from=vacancy_search_result&query=python,,,,
Hadoop Developer (Главный программист),https://hh.ru/vacancy/45727302?from=vacancy_search_result&query=python,,,,
"Data scientist (NLP, Фабрика моделей)",https://hh.ru/vacancy/46576050?from=vacancy_search_result&query=python,,,,
Аналитик в отдел расследований инцидентов ИБ,https://hh.ru/vacancy/46245266?from=vacancy_search_result&query=python,,,,
DevOps,https://hh.ru/vacancy/42012263?from=vacancy_search_result&query=python,,,,
Senior PHP Developer,https://hh.ru/vacancy/44631235?from=vacancy_search_result&query=python,,,,
Исследователь кода (НДВ),https://hh.ru/vacancy/42935246?from=vacancy_search_result&query=python,,,,
Senior DS по разработке моделей для корпоративных клиентов (Big data),https://hh.ru/vacancy/42904762?from=vacancy_search_result&query=python,,,,
IT- Recruiter,https://hh.ru/vacancy/44589942?from=vacancy_search_result&query=python,от 130000 руб.,130000,,руб.
Аналитик HR,https://hh.ru/vacancy/46633033?from=vacancy_search_result&query=python,,,,
Системный администратор,https://hh.ru/vacancy/45990752?from=vacancy_search_result&query=python,,,,
Специалист по сопровождению Oracle Middleware,https://hh.ru/vacancy/46620203?from=vacancy_search_result&query=python,,,,
Data analyst в Яндекс.Маркет,https://hh.ru/vacancy/44293492?from=vacancy_search_result&query=python,,,,
Presale engineer,https://hh.ru/vacancy/46538269?from=vacancy_search_result&query=python,,,,
Программист микроконтроллеров,https://hh.ru/vacancy/46338815?from=vacancy_search_result&query=python,150000 – 200000 руб.,150000,200000,руб.
Fullstack разработчик (middle),https://hh.ru/vacancy/45772929?from=vacancy_search_result&query=python,от 150000 руб.,150000,,руб.
Ведущий актуарий,https://hh.ru/vacancy/46631019?from=vacancy_search_result&query=python,,,,
Архитектор решений,https://hh.ru/vacancy/46511853?from=vacancy_search_result&query=python,,,,
Инженер облачных сервисов / Cloud Engineer,https://hh.ru/vacancy/45174789?from=vacancy_search_result&query=python,,,,
DilOS (illumos based) developer,https://hh.ru/vacancy/45886427?from=vacancy_search_result&query=python,,,,
Администратор тестовых сред,https://hh.ru/vacancy/45296103?from=vacancy_search_result&query=python,,,,
Руководитель DevOps (в Питер),https://hh.ru/vacancy/46611981?from=vacancy_search_result&query=python,,,,
Application Security Engineer (Инженер по безопасности приложений),https://hh.ru/vacancy/46600101?from=vacancy_search_result&query=python,,,,
Риск-технолог,https://hh.ru/vacancy/46628885?from=vacancy_search_result&query=python,,,,
Senior Data Analyst (Направление целевого маркетинга и сегментации),https://hh.ru/vacancy/45493044?from=vacancy_search_result&query=python,,,,
Начальник отдела системного администрирования Unix/Oracle,https://hh.ru/vacancy/44975861?from=vacancy_search_result&query=python,,,,
Specialist DevOps,https://hh.ru/vacancy/41703678?from=vacancy_search_result&query=python,до 300000 руб.,,300000,руб.
Директор проектов Data Science,https://hh.ru/vacancy/46603828?from=vacancy_search_result&query=python,,,,
DevOps инженер (КПиП),https://hh.ru/vacancy/46583232?from=vacancy_search_result&query=python,,,,
DevOps Инженер (продукт «Виртуальный ассистент КБ»),https://hh.ru/vacancy/44572219?from=vacancy_search_result&query=python,,,,
Специалист технической поддержки,https://hh.ru/vacancy/46622508?from=vacancy_search_result&query=python,,,,
Сетевой администратор,https://hh.ru/vacancy/46620601?from=vacancy_search_result&query=python,,,,
Full-Stack Python Разработчик (Django),https://hh.ru/vacancy/44738683?from=vacancy_search_result&query=python,,,,
Python Middle Backend разработчик,https://hh.ru/vacancy/46357985?from=vacancy_search_result&query=python,от 150000 руб.,150000,,руб.
Ведущий Python разработчик,https://hh.ru/vacancy/46345483?from=vacancy_search_result&query=python,от 300000 руб.,300000,,руб.
Senior Data Scientist (NLP),https://hh.ru/vacancy/43658985?from=vacancy_search_result&query=python,,,,
Data Engineer,https://hh.ru/vacancy/46499141?from=vacancy_search_result&query=python,,,,
Senior Python/Golang Engineer [Logistics team],https://hh.ru/vacancy/46585256?from=vacancy_search_result&query=python,,,,
Разработчик-наставник Python/SQL,https://hh.ru/vacancy/45276341?from=vacancy_search_result&query=python,,,,
Python/ML разработчик,https://hh.ru/vacancy/45739227?from=vacancy_search_result&query=python,,,,
Senior Data Engineer в BI Team,https://hh.ru/vacancy/43269753?from=vacancy_search_result&query=python,,,,
Python Auto Tester (Remote),https://hh.ru/vacancy/45799240?from=vacancy_search_result&query=python,,,,
Разработчик Go/Python (Security),https://hh.ru/vacancy/44807006?from=vacancy_search_result&query=python,,,,
Data engineer (Big data),https://hh.ru/vacancy/43925078?from=vacancy_search_result&query=python,,,,
Data Scientist,https://hh.ru/vacancy/46424999?from=vacancy_search_result&query=python,,,,
Разработчик Python (ML),https://hh.ru/vacancy/46372826?from=vacancy_search_result&query=python,,,,
ML Engineer / Data Scientist,https://hh.ru/vacancy/44481907?from=vacancy_search_result&query=python,,,,
Python разработчик (middle/senior),https://hh.ru/vacancy/43961654?from=vacancy_search_result&query=python,,,,
Machine Learning Team Lead (Java/Python),https://hh.ru/vacancy/44908548?from=vacancy_search_result&query=python,,,,
Разработчик Python,https://hh.ru/vacancy/46336912?from=vacancy_search_result&query=python,,,,
Python Developer,https://hh.ru/vacancy/45593734?from=vacancy_search_result&query=python,,,,
Data Scientist,https://hh.ru/vacancy/46441851?from=vacancy_search_result&query=python,,,,
"Разработчик Python, Поиск / Стенд метрик",https://hh.ru/vacancy/44524198?from=vacancy_search_result&query=python,,,,
Python-разработчик в SberDevices (команда SmartMarket),https://hh.ru/vacancy/43032430?from=vacancy_search_result&query=python,,,,
Разработчик DWH (Airflow + Python),https://hh.ru/vacancy/43982541?from=vacancy_search_result&query=python,,,,
Middle/Senior Python-разработчик в SberDevices (направление SmartApp),https://hh.ru/vacancy/41096400?from=vacancy_search_result&query=python,,,,
Python Developer,https://hh.ru/vacancy/44911255?from=vacancy_search_result&query=python,,,,
Data Scientist,https://hh.ru/vacancy/45725967?from=vacancy_search_result&query=python,,,,
Data Engineer/Data Analyst,https://hh.ru/vacancy/44249982?from=vacancy_search_result&query=python,,,,
Python-разработчик (команда IaaS),https://hh.ru/vacancy/46369969?from=vacancy_search_result&query=python,,,,
Data Engineer SberDevices,https://hh.ru/vacancy/44027926?from=vacancy_search_result&query=python,,,,
QA Automation Engineer (Python),https://hh.ru/vacancy/44959425?from=vacancy_search_result&query=python,,,,
Ведущий Разработчик Python офлайн интеграции,https://hh.ru/vacancy/46528249?from=vacancy_search_result&query=python,,,,
Senior Python backend developer,https://hh.ru/vacancy/46273547?from=vacancy_search_result&query=python,,,,
Data Scientist,https://hh.ru/vacancy/46357297?from=vacancy_search_result&query=python,,,,
Python Developer,https://hh.ru/vacancy/46377759?from=vacancy_search_result&query=python,,,,
Программист Python,https://hh.ru/vacancy/46002209?from=vacancy_search_result&query=python,,,,
Data scientist,https://hh.ru/vacancy/46172060?from=vacancy_search_result&query=python,,,,
Python Backend Developer,https://hh.ru/vacancy/46318389?from=vacancy_search_result&query=python,,,,
Python Developer (стажер),https://hh.ru/vacancy/46190856?from=vacancy_search_result&query=python,,,,
Python разработчик в SberDevices (команда Intelligent Search),https://hh.ru/vacancy/43201449?from=vacancy_search_result&query=python,,,,
Backend разработчик Python,https://hh.ru/vacancy/44010228?from=vacancy_search_result&query=python,до 300000 руб.,,300000,руб.
Инженер по сопровождению,https://hh.ru/vacancy/46626427?from=vacancy_search_result&query=python,,,,
Senior system analyst (Central analytical excellence),https://hh.ru/vacancy/46607968?from=vacancy_search_result&query=python,,,,
DevOps engineer на проект Digital Credit,https://hh.ru/vacancy/39628627?from=vacancy_search_result&query=python,,,,
Java Developer / Программист Java,https://hh.ru/vacancy/46584199?from=vacancy_search_result&query=python,,,,
Quantitative Trader,https://hh.ru/vacancy/43377397?from=vacancy_search_result&query=python,от 250000 руб.,250000,,руб.
Тестировщик QA Frontend,https://hh.ru/vacancy/45705525?from=vacancy_search_result&query=python,,,,
Devops-инженер,https://hh.ru/vacancy/46596019?from=vacancy_search_result&query=python,,,,
Team lead С++ (Руководитель группы разработки),https://hh.ru/vacancy/46590159?from=vacancy_search_result&query=python,до 300000 руб.,,300000,руб.
Старший менеджер по аналитике абонентской базы,https://hh.ru/vacancy/46480907?from=vacancy_search_result&query=python,,,,
Analytics Manager,https://hh.ru/vacancy/46451835?from=vacancy_search_result&query=python,,,,
Аналитик данных (WEB),https://hh.ru/vacancy/46588746?from=vacancy_search_result&query=python,,,,
.NET-разработчик,https://hh.ru/vacancy/46036710?from=vacancy_search_result&query=python,,,,
DevOps/SRE specialist,https://hh.ru/vacancy/46604481?from=vacancy_search_result&query=python,,,,
Системный администратор Linux (Zabbix),https://hh.ru/vacancy/37044252?from=vacancy_search_result&query=python,,,,
Эксперт по аналитике клиентского опыта,https://hh.ru/vacancy/46511135?from=vacancy_search_result&query=python,,,,
Специалист по автоматизированному тестированию ОС Аврора,https://hh.ru/vacancy/46429378?from=vacancy_search_result&query=python,,,,
Разработчик систем мониторинга (SRE),https://hh.ru/vacancy/46451457?from=vacancy_search_result&query=python,,,,
Full-Stack разработчик (C++/JS),https://hh.ru/vacancy/44991905?from=vacancy_search_result&query=python,,,,
Системный администратор Linux (инфраструктурные сервисы),https://hh.ru/vacancy/40831790?from=vacancy_search_result&query=python,,,,
Системный администратор Unix,https://hh.ru/vacancy/41462787?from=vacancy_search_result&query=python,,,,
CI Engineer,https://hh.ru/vacancy/39890802?from=vacancy_search_result&query=python,от 5000 USD,5000,,USD
Product Analyst (Senior),https://hh.ru/vacancy/45212513?from=vacancy_search_result&query=python,,,,
Embedded software engineer,https://hh.ru/vacancy/46188375?from=vacancy_search_result&query=python,170000 – 400000 руб.,170000,400000,руб.
Middle/Senior Android Developer (remote),https://hh.ru/vacancy/44620170?from=vacancy_search_result&query=python,,,,
Ведущий программист,https://hh.ru/vacancy/44255598?from=vacancy_search_result&query=python,от 100000 руб.,100000,,руб.
Разработчик поискового ядра C++,https://hh.ru/vacancy/45232165?from=vacancy_search_result&query=python,,,,
Инвестиционный аналитик,https://hh.ru/vacancy/44944194?from=vacancy_search_result&query=python,,,,
Инженер технической поддержки,https://hh.ru/vacancy/46619357?from=vacancy_search_result&query=python,70000 – 90000 руб.,70000,90000,руб.
Ведущий разработчик web приложений и сервисов,https://hh.ru/vacancy/46608512?from=vacancy_search_result&query=python,150000 – 200000 руб.,150000,200000,руб.
Продуктовый аналитик,https://hh.ru/vacancy/46585180?from=vacancy_search_result&query=python,,,,
Java-разработчик (проект Витрины ДЗО),https://hh.ru/vacancy/46605107?from=vacancy_search_result&query=python,,,,
Аналитик данных,https://hh.ru/vacancy/45684348?from=vacancy_search_result&query=python,,,,
DevOps middle / senior,https://hh.ru/vacancy/46587475?from=vacancy_search_result&query=python,,,,
Ведущий программист .NET (C#),https://hh.ru/vacancy/45895783?from=vacancy_search_result&query=python,150000 – 220000 руб.,150000,220000,руб.
Системный администратор Linux (DevOps инженер),https://hh.ru/vacancy/42274129?from=vacancy_search_result&query=python,,,,
Лингвист-аналитик (арабский язык),https://hh.ru/vacancy/43208072?from=vacancy_search_result&query=python,от 80000 руб.,80000,,руб.
DevOps инженер,https://hh.ru/vacancy/40414333?from=vacancy_search_result&query=python,,,,
Эксперт по анализу качества сети MVNO,https://hh.ru/vacancy/44653326?from=vacancy_search_result&query=python,,,,
"Тимлид инфраструктурной команды (по мониторингу/администрированию, Питер)",https://hh.ru/vacancy/46611976?from=vacancy_search_result&query=python,,,,
Бизнес-аналитик,https://hh.ru/vacancy/44601445?from=vacancy_search_result&query=python,,,,
Python разработчик (backend),https://hh.ru/vacancy/46338966?from=vacancy_search_result&query=python,,,,
Python разработчик / Data Analysis,https://hh.ru/vacancy/46380693?from=vacancy_search_result&query=python,,,,
ML инженер/Machine Learning engineer (Python),https://hh.ru/vacancy/44872118?from=vacancy_search_result&query=python,,,,
Data Scientist (middle or senior),https://hh.ru/vacancy/42956307?from=vacancy_search_result&query=python,до 500000 руб.,,500000,руб.
Разработчик Python,https://hh.ru/vacancy/46292925?from=vacancy_search_result&query=python,,,,
"Стажер Data scientist, Ozon Express",https://hh.ru/vacancy/46275977?from=vacancy_search_result&query=python,,,,
Data Scientist в Еду (ML),https://hh.ru/vacancy/46254866?from=vacancy_search_result&query=python,,,,
Data Scientist,https://hh.ru/vacancy/45704518?from=vacancy_search_result&query=python,,,,
Python backend developer (Middle),https://hh.ru/vacancy/46169417?from=vacancy_search_result&query=python,от 200000 руб.,200000,,руб.
Data Scientist (Middle),https://hh.ru/vacancy/46467459?from=vacancy_search_result&query=python,до 3000 USD,,3000,USD
Python Developer (Analytics),https://hh.ru/vacancy/46239624?from=vacancy_search_result&query=python,,,,
Data Engineer (мониторинг моделей Big data),https://hh.ru/vacancy/46330437?from=vacancy_search_result&query=python,,,,
Senior Data Scientist,https://hh.ru/vacancy/42088119?from=vacancy_search_result&query=python,,,,
Go/Python разработчик (Middle),https://hh.ru/vacancy/45842425?from=vacancy_search_result&query=python,,,,
"Senior Python Engineer (Big Data) for Data Platform Team (Ведущий Python инженер, удаленно)",https://hh.ru/vacancy/46242391?from=vacancy_search_result&query=python,,,,
Senior Python developer,https://hh.ru/vacancy/44167873?from=vacancy_search_result&query=python,от 300000 руб.,300000,,руб.
Backend разработчик (Python),https://hh.ru/vacancy/45816887?from=vacancy_search_result&query=python,,,,
Программист Python,https://hh.ru/vacancy/44761357?from=vacancy_search_result&query=python,,,,
QA Automation Engineer (Python),https://hh.ru/vacancy/46452353?from=vacancy_search_result&query=python,,,,
Tech lead Python,https://hh.ru/vacancy/45857123?from=vacancy_search_result&query=python,,,,
Data scientist,https://hh.ru/vacancy/46412125?from=vacancy_search_result&query=python,,,,
Python developer,https://hh.ru/vacancy/46161285?from=vacancy_search_result&query=python,от 190000 руб.,190000,,руб.
Senior Data Scientist,https://hh.ru/vacancy/43508193?from=vacancy_search_result&query=python,,,,
Python developer (можно удаленно),https://hh.ru/vacancy/45559087?from=vacancy_search_result&query=python,,,,
Python-разработчик,https://hh.ru/vacancy/41001544?from=vacancy_search_result&query=python,,,,
Разработчик Python,https://hh.ru/vacancy/46091412?from=vacancy_search_result&query=python,,,,
Ведущий разработчик Python (Ума.Тех),https://hh.ru/vacancy/45639882?from=vacancy_search_result&query=python,,,,
Разработчик Python (middle),https://hh.ru/vacancy/44116914?from=vacancy_search_result&query=python,от 150000 руб.,150000,,руб.
Python разработчик,https://hh.ru/vacancy/46179985?from=vacancy_search_result&query=python,,,,
Python-разработчик (Django),https://hh.ru/vacancy/46159323?from=vacancy_search_result&query=python,,,,
Python разработчик Senior,https://hh.ru/vacancy/41541061?from=vacancy_search_result&query=python,от 220000 руб.,220000,,руб.
DevOps Инженер (Python),https://hh.ru/vacancy/46408662?from=vacancy_search_result&query=python,,,,
Data Engineer (разработка на Python) продукт 'FastTrack',https://hh.ru/vacancy/46178240?from=vacancy_search_result&query=python,,,,
Python Developer,https://hh.ru/vacancy/46118842?from=vacancy_search_result&query=python,,,,
Junior Data scientist,https://hh.ru/vacancy/46175425?from=vacancy_search_result&query=python,,,,
Team Lead (C++ / ML),https://hh.ru/vacancy/46477374?from=vacancy_search_result&query=python,,,,
Senior Python Developer/ Data Engineer,https://hh.ru/vacancy/46167810?from=vacancy_search_result&query=python,,,,
Data Scientist (Time Series),https://hh.ru/vacancy/46461069?from=vacancy_search_result&query=python,,,,
QA Automation (Python),https://hh.ru/vacancy/43625074?from=vacancy_search_result&query=python,,,,
Python/ Scala разработчик,https://hh.ru/vacancy/43545073?from=vacancy_search_result&query=python,,,,
Системный администратор Linux,https://hh.ru/vacancy/46157938?from=vacancy_search_result&query=python,,,,
Аналитик по рискам институтов развития,https://hh.ru/vacancy/46640888?from=vacancy_search_result&query=python,,,,
DevOps engineer,https://hh.ru/vacancy/46203890?from=vacancy_search_result&query=python,,,,
IT Product Manager (junior/middle),https://hh.ru/vacancy/45613536?from=vacancy_search_result&query=python,,,,
Devops,https://hh.ru/vacancy/46356274?from=vacancy_search_result&query=python,,,,
Заместитель руководителя отдела тестирования (web),https://hh.ru/vacancy/45451751?from=vacancy_search_result&query=python,,,,
Аналитик данных,https://hh.ru/vacancy/46600916?from=vacancy_search_result&query=python,,,,
PHP-программист,https://hh.ru/vacancy/46446625?from=vacancy_search_result&query=python,60000 – 100000 руб.,60000,100000,руб.
Руководитель продуктовой аналитики,https://hh.ru/vacancy/46248420?from=vacancy_search_result&query=python,,,,
Разработчик систем мониторинга,https://hh.ru/vacancy/45502405?from=vacancy_search_result&query=python,,,,
Специалист по работе с хранилищем данных (ETL),https://hh.ru/vacancy/44364508?from=vacancy_search_result&query=python,,,,
"Аналитик BI Power BI),базы данных / BI Analyst (микс-офис)",https://hh.ru/vacancy/46596412?from=vacancy_search_result&query=python,100000 – 120000 руб.,100000,120000,руб.
Backend - разработчик,https://hh.ru/vacancy/46052201?from=vacancy_search_result&query=python,,,,
Site Reliability Engineer,https://hh.ru/vacancy/46627001?from=vacancy_search_result&query=python,,,,
Аналитик в почту 360,https://hh.ru/vacancy/46615042?from=vacancy_search_result&query=python,,,,
Стажер-аналитик,https://hh.ru/vacancy/46599796?from=vacancy_search_result&query=python,,,,
"Data-science Intern/Analyst, Technology Group, Performance Improvement",https://hh.ru/vacancy/45726835?from=vacancy_search_result&query=python,,,,
Data scientist в управление розничного моделирования,https://hh.ru/vacancy/37625294?from=vacancy_search_result&query=python,,,,
Internal Services Administrator,https://hh.ru/vacancy/45984248?from=vacancy_search_result&query=python,,,,
SW Process and Operations engineer,https://hh.ru/vacancy/44599423?from=vacancy_search_result&query=python,,,,
Senior analyst (Operation analytics),https://hh.ru/vacancy/46608171?from=vacancy_search_result&query=python,,,,
Тeam lead команды External Data Modeling and Research,https://hh.ru/vacancy/42721384?from=vacancy_search_result&query=python,,,,
Ведущий программист С++,https://hh.ru/vacancy/46595731?from=vacancy_search_result&query=python,,,,
Аналитик исследователь,https://hh.ru/vacancy/43853880?from=vacancy_search_result&query=python,,,,
Руководитель разработки,https://hh.ru/vacancy/46633391?from=vacancy_search_result&query=python,от 200000 руб.,200000,,руб.
PHP-разработчик,https://hh.ru/vacancy/46054344?from=vacancy_search_result&query=python,,,,
Программист-разработчик,https://hh.ru/vacancy/45631465?from=vacancy_search_result&query=python,от 120000 руб.,120000,,руб.
Data Science Team Lead (Personalization solutions),https://hh.ru/vacancy/46592553?from=vacancy_search_result&query=python,,,,
Sysadmin Middle/Senior,https://hh.ru/vacancy/46457670?from=vacancy_search_result&query=python,110000 – 250000 руб.,110000,250000,руб.
Антифрод-аналитик,https://hh.ru/vacancy/46598629?from=vacancy_search_result&query=python,,,,
Инженер технической поддержки (Enterprise Linux),https://hh.ru/vacancy/46008924?from=vacancy_search_result&query=python,,,,
Старший менеджер отдела технических расчетов и поддержки баз данных,https://hh.ru/vacancy/46374932?from=vacancy_search_result&query=python,,,,
QA Automation Engineer,https://hh.ru/vacancy/41810202?from=vacancy_search_result&query=python,200000 – 225000 руб.,200000,225000,руб.
Помощник системного администратора DevOps (Docker),https://hh.ru/vacancy/46537378?from=vacancy_search_result&query=python,,,,
Ведущий аналитик данных,https://hh.ru/vacancy/46608635?from=vacancy_search_result&query=python,,,,
QA инженер (на проект ЛитРес: Розница),https://hh.ru/vacancy/46387502?from=vacancy_search_result&query=python,,,,
Инженер по нагрузочному тестированию,https://hh.ru/vacancy/45770302?from=vacancy_search_result&query=python,,,,
Веб-аналитик,https://hh.ru/vacancy/46442793?from=vacancy_search_result&query=python,120000 – 150000 руб.,120000,150000,руб.
Analytics intern,https://hh.ru/vacancy/46594337?from=vacancy_search_result&query=python,30000 – 30000 руб.,30000,30000,руб.
PHP-разработчик (удалённо),https://hh.ru/vacancy/46546441?from=vacancy_search_result&query=python,,,,
Python Developer,https://hh.ru/vacancy/46110738?from=vacancy_search_result&query=python,,,,
Ведущий разработчик Python,https://hh.ru/vacancy/46199114?from=vacancy_search_result&query=python,,,,
Python системный программист (удаленно),https://hh.ru/vacancy/46014240?from=vacancy_search_result&query=python,до 300000 руб.,,300000,руб.
Python Developer,https://hh.ru/vacancy/46106976?from=vacancy_search_result&query=python,,,,
Backend Python разработчик,https://hh.ru/vacancy/45997365?from=vacancy_search_result&query=python,100000 – 250000 руб.,100000,250000,руб.
Machine Learning Engineer (команда Поиска),https://hh.ru/vacancy/46048820?from=vacancy_search_result&query=python,,,,
Python-разработчик в Департамент бизнес-процессов,https://hh.ru/vacancy/43572273?from=vacancy_search_result&query=python,,,,
Python Senior Developer,https://hh.ru/vacancy/42513428?from=vacancy_search_result&query=python,,,,
Инженер данных (python),https://hh.ru/vacancy/46078681?from=vacancy_search_result&query=python,,,,
Data Scientist,https://hh.ru/vacancy/46082156?from=vacancy_search_result&query=python,до 330000 руб.,,330000,руб.
Python разработчик,https://hh.ru/vacancy/43661617?from=vacancy_search_result&query=python,,,,
Python Developer (удаленно),https://hh.ru/vacancy/45707555?from=vacancy_search_result&query=python,,,,
Junior Data Engineer (Python),https://hh.ru/vacancy/46176349?from=vacancy_search_result&query=python,100000 – 140000 руб.,100000,140000,руб.
"Наставник на онлайн курс ""Автоматизированное тестирование ПО на Python""",https://hh.ru/vacancy/46189881?from=vacancy_search_result&query=python,,,,
Разработчик / Developer Python,https://hh.ru/vacancy/46087852?from=vacancy_search_result&query=python,,,,
Python разработчик SberDevices,https://hh.ru/vacancy/41019313?from=vacancy_search_result&query=python,,,,
Middle Python разработчик,https://hh.ru/vacancy/45958556?from=vacancy_search_result&query=python,170000 – 240000 руб.,170000,240000,руб.
Старший Data Scientist,https://hh.ru/vacancy/46212450?from=vacancy_search_result&query=python,,,,
Python Team Lead,https://hh.ru/vacancy/45843752?from=vacancy_search_result&query=python,,,,
Инженер в области машинного обучения (Data Scientist),https://hh.ru/vacancy/46380685?from=vacancy_search_result&query=python,,,,
Python Developer (basic DevOps experience),https://hh.ru/vacancy/44479499?from=vacancy_search_result&query=python,,,,
Python разработчик (Big data),https://hh.ru/vacancy/44256604?from=vacancy_search_result&query=python,,,,
Data Scientist,https://hh.ru/vacancy/45489399?from=vacancy_search_result&query=python,,,,
Data Scientist,https://hh.ru/vacancy/42011548?from=vacancy_search_result&query=python,150000 – 280000 руб.,150000,280000,руб.
Python Backend Developer / WEB - разработчик,https://hh.ru/vacancy/46123925?from=vacancy_search_result&query=python,от 185000 руб.,185000,,руб.
Разработчик Python,https://hh.ru/vacancy/46007048?from=vacancy_search_result&query=python,140000 – 150000 руб.,140000,150000,руб.
Python Developer,https://hh.ru/vacancy/44818473?from=vacancy_search_result&query=python,,,,
Python developer,https://hh.ru/vacancy/44807060?from=vacancy_search_result&query=python,,,,
Разработчик Python,https://hh.ru/vacancy/41049881?from=vacancy_search_result&query=python,,,,
Python разработчик (SberDevices),https://hh.ru/vacancy/41019318?from=vacancy_search_result&query=python,,,,
Senior Python Developer,https://hh.ru/vacancy/46169219?from=vacancy_search_result&query=python,,,,
Разработчик Python+Go,https://hh.ru/vacancy/46227758?from=vacancy_search_result&query=python,,,,
Преподаватель по курсу Python для аналитиков,https://hh.ru/vacancy/46179017?from=vacancy_search_result&query=python,,,,
Data Scientist (middle),https://hh.ru/vacancy/42118236?from=vacancy_search_result&query=python,,,,
Python Developer in QA,https://hh.ru/vacancy/44737657?from=vacancy_search_result&query=python,,,,
Python Developer,https://hh.ru/vacancy/45682540?from=vacancy_search_result&query=python,,,,
Разработчик Python,https://hh.ru/vacancy/45257148?from=vacancy_search_result&query=python,,,,
Python разработчик (back-end),https://hh.ru/vacancy/46129200?from=vacancy_search_result&query=python,до 200000 руб.,,200000,руб.
Python разработчик,https://hh.ru/vacancy/45914983?from=vacancy_search_result&query=python,65000 – 120000 руб.,65000,120000,руб.
Python (Flask) developer,https://hh.ru/vacancy/45905093?from=vacancy_search_result&query=python,от 180000 руб.,180000,,руб.
Инженер технической поддержки (удаленная работа),https://hh.ru/vacancy/45533816?from=vacancy_search_result&query=python,35000 – 50000 руб.,35000,50000,руб.
Аналитик / младший аналитик в сфере рекламы,https://hh.ru/vacancy/46522172?from=vacancy_search_result&query=python,40000 – 70000 руб.,40000,70000,руб.
Лингвист-аналитик,https://hh.ru/vacancy/46608425?from=vacancy_search_result&query=python,от 80000 руб.,80000,,руб.
Middle QA Engineer / Специалист по тестированию ПО (удалённо),https://hh.ru/vacancy/46198970?from=vacancy_search_result&query=python,80000 – 150000 руб.,80000,150000,руб.
PHP GO Developer e-commerce (middle/senior),https://hh.ru/vacancy/45964651?from=vacancy_search_result&query=python,,,,
Rendering Engineer / Графический программист,https://hh.ru/vacancy/46639895?from=vacancy_search_result&query=python,,,,
Middle Python QA Engineer,https://hh.ru/vacancy/46582713?from=vacancy_search_result&query=python,100000 – 100000 руб.,100000,100000,руб.
Тестировщик,https://hh.ru/vacancy/45873710?from=vacancy_search_result&query=python,,,,
Специалист по тестированию ПО,https://hh.ru/vacancy/41758235?from=vacancy_search_result&query=python,,,,
Chief Technical Officer,https://hh.ru/vacancy/46222254?from=vacancy_search_result&query=python,от 5000 USD,5000,,USD
Junior Frontend Developer,https://hh.ru/vacancy/46405541?from=vacancy_search_result&query=python,,,,
Web-аналитик,https://hh.ru/vacancy/46637763?from=vacancy_search_result&query=python,,,,
Младший системный администратор / devops-инженер,https://hh.ru/vacancy/45620435?from=vacancy_search_result&query=python,,,,
Full-Stack Software developer,https://hh.ru/vacancy/46342646?from=vacancy_search_result&query=python,,,,
Специалист технической поддержки / Support Engineer (Level 2),https://hh.ru/vacancy/42045987?from=vacancy_search_result&query=python,,,,
QA инженер (на проект ЛитРес:Платформа),https://hh.ru/vacancy/46387527?from=vacancy_search_result&query=python,,,,
Senior Golang Developer,https://hh.ru/vacancy/46339378?from=vacancy_search_result&query=python,220000 – 350000 руб.,220000,350000,руб.
Системный аналитик,https://hh.ru/vacancy/45219565?from=vacancy_search_result&query=python,,,,
Тестировщик ПО/QA инженер,https://hh.ru/vacancy/46062719?from=vacancy_search_result&query=python,100000 – 150000 руб.,100000,150000,руб.
"Разработчик JavaScript, Travel направление",https://hh.ru/vacancy/45820448?from=vacancy_search_result&query=python,,,,
Frontend-разработчик (React) [59501],https://hh.ru/vacancy/45999964?from=vacancy_search_result&query=python,,,,
Junior разработчик Ruby on Rails,https://hh.ru/vacancy/45574485?from=vacancy_search_result&query=python,40000 – 80000 руб.,40000,80000,руб.
Программист-разработчик,https://hh.ru/vacancy/46605672?from=vacancy_search_result&query=python,100000 – 150000 руб.,100000,150000,руб.
Аналитик,https://hh.ru/vacancy/46381567?from=vacancy_search_result&query=python,,,,
Технический менеджер-стажер,https://hh.ru/vacancy/46086167?from=vacancy_search_result&query=python,,,,
"Инженер по автоматизации тестирования Python, Логистика/Автосортеры",https://hh.ru/vacancy/46584012?from=vacancy_search_result&query=python,,,,
Системный аналитик (DWH),https://hh.ru/vacancy/41524506?from=vacancy_search_result&query=python,от 180000 руб.,180000,,руб.
Системный администратор Linux / Site Reliability Engineer,https://hh.ru/vacancy/46618400?from=vacancy_search_result&query=python,,,,
Системный администратор Linux / Site Reliability Engineer,https://hh.ru/vacancy/46625351?from=vacancy_search_result&query=python,,,,
QA Engineer in Automation (Senior / Remote),https://hh.ru/vacancy/46344647?from=vacancy_search_result&query=python,3000 – 5000 EUR,3000,5000,EUR
Forensic Analyst,https://hh.ru/vacancy/46641156?from=vacancy_search_result&query=python,,,,
Аналитик,https://hh.ru/vacancy/46622808?from=vacancy_search_result&query=python,,,,
Аналитик,https://hh.ru/vacancy/46630220?from=vacancy_search_result&query=python,,,,
Frontend (Full stack) разработчик,https://hh.ru/vacancy/45823325?from=vacancy_search_result&query=python,,,,
Системный администратор / devops-инженер,https://hh.ru/vacancy/45620450?from=vacancy_search_result&query=python,,,,
Ведущий системный администратор Linux/DevOps (удаленная работа),https://hh.ru/vacancy/46149361?from=vacancy_search_result&query=python,,,,
"Team Lead / Senior Developer (Java,Scala)",https://hh.ru/vacancy/46592107?from=vacancy_search_result&query=python,170000 – 300000 руб.,170000,300000,руб.
Преподаватель программирования / информатики,https://hh.ru/vacancy/46603105?from=vacancy_search_result&query=python,50000 – 95000 руб.,50000,95000,руб.
Администратор операционных систем Linux,https://hh.ru/vacancy/46390811?from=vacancy_search_result&query=python,,,,
Разработчик баз данных,https://hh.ru/vacancy/45791966?from=vacancy_search_result&query=python,от 150000 руб.,150000,,руб.
Разработчик Python / Django со знанием английского языка [удаленно],https://hh.ru/vacancy/46093023?from=vacancy_search_result&query=python,от 150000 руб.,150000,,руб.
Python Разработчик/Developer,https://hh.ru/vacancy/46088086?from=vacancy_search_result&query=python,,,,
Senior Python Developer,https://hh.ru/vacancy/46173211?from=vacancy_search_result&query=python,,,,
Middle python developer (проект ТОП-100),https://hh.ru/vacancy/46026059?from=vacancy_search_result&query=python,,,,
Python-разработчик во Flow,https://hh.ru/vacancy/45987511?from=vacancy_search_result&query=python,,,,
Junior data engineer/analyst,https://hh.ru/vacancy/46079690?from=vacancy_search_result&query=python,,,,
Python-разработчик/Senior Python-разработчик,https://hh.ru/vacancy/44790039?from=vacancy_search_result&query=python,,,,
Data Scientist,https://hh.ru/vacancy/46079759?from=vacancy_search_result&query=python,,,,
Python Developer,https://hh.ru/vacancy/45876623?from=vacancy_search_result&query=python,,,,
Data / ML Engineer,https://hh.ru/vacancy/45498560?from=vacancy_search_result&query=python,,,,
Back-end разработчик (Python),https://hh.ru/vacancy/45918465?from=vacancy_search_result&query=python,,,,
Ведущий разработчик C/Python,https://hh.ru/vacancy/41784017?from=vacancy_search_result&query=python,,,,
Программист Python,https://hh.ru/vacancy/45395451?from=vacancy_search_result&query=python,,,,
Python Developer,https://hh.ru/vacancy/45991800?from=vacancy_search_result&query=python,,,,
Full Stack разработчик (Python),https://hh.ru/vacancy/45908894?from=vacancy_search_result&query=python,,,,
Data Scientist ML Space & AI Services,https://hh.ru/vacancy/45392651?from=vacancy_search_result&query=python,,,,
Разработчик ГИС (Python),https://hh.ru/vacancy/45982795?from=vacancy_search_result&query=python,,,,
Back-end Python/Django разработчик,https://hh.ru/vacancy/45349145?from=vacancy_search_result&query=python,130000 – 200000 руб.,130000,200000,руб.
Разработчик Python (backend),https://hh.ru/vacancy/45157245?from=vacancy_search_result&query=python,80000 – 150000 руб.,80000,150000,руб.
"Senior Data Scientist (NLP, чат-бот)",https://hh.ru/vacancy/46228554?from=vacancy_search_result&query=python,,,,
Разработчик-алгоритмист С++/Python,https://hh.ru/vacancy/45907698?from=vacancy_search_result&query=python,,,,
Data Scientist,https://hh.ru/vacancy/46063763?from=vacancy_search_result&query=python,от 130000 руб.,130000,,руб.
Разработчик на Python (Python developer) в сервисы для малого и среднего бизнеса,https://hh.ru/vacancy/45906868?from=vacancy_search_result&query=python,,,,
Back-End разработчик - Python,https://hh.ru/vacancy/45598333?from=vacancy_search_result&query=python,,,,
Ведущий python разработчик,https://hh.ru/vacancy/45643914?from=vacancy_search_result&query=python,,,,
Lead Data Scientist,https://hh.ru/vacancy/42493107?from=vacancy_search_result&query=python,до 500000 руб.,,500000,руб.
Разработчик Backend (Python),https://hh.ru/vacancy/45875704?from=vacancy_search_result&query=python,,,,
Python разработчик (в офис),https://hh.ru/vacancy/45113624?from=vacancy_search_result&query=python,от 140000 руб.,140000,,руб.
Data Science CV (junior/middle),https://hh.ru/vacancy/45076231?from=vacancy_search_result&query=python,,,,
Python разработчик,https://hh.ru/vacancy/45864791?from=vacancy_search_result&query=python,,,,
Fullstack Python Developer,https://hh.ru/vacancy/46115927?from=vacancy_search_result&query=python,,,,
Data Scientist / Аналитик данных,https://hh.ru/vacancy/45923831?from=vacancy_search_result&query=python,,,,
Middle/Senior Data scientist,https://hh.ru/vacancy/42268020?from=vacancy_search_result&query=python,,,,
Junior+/Middle Data Engineer,https://hh.ru/vacancy/45850899?from=vacancy_search_result&query=python,,,,
Python Back-End разработчик,https://hh.ru/vacancy/46016799?from=vacancy_search_result&query=python,,,,
Team Lead Python,https://hh.ru/vacancy/46307171?from=vacancy_search_result&query=python,,,,
TeamLead Python-разработчик (УЦТР),https://hh.ru/vacancy/45385037?from=vacancy_search_result&query=python,,,,
Специалист Python,https://hh.ru/vacancy/46065125?from=vacancy_search_result&query=python,,,,
Data Scientist (скорринг),https://hh.ru/vacancy/43844535?from=vacancy_search_result&query=python,,,,
Data Scientist,https://hh.ru/vacancy/45909967?from=vacancy_search_result&query=python,,,,
Data analyst в Яндекс.Маркет,https://hh.ru/vacancy/44483603?from=vacancy_search_result&query=python,,,,
Инженер по верификации систем управления машинами (MC verification Engineer),https://hh.ru/vacancy/43576106?from=vacancy_search_result&query=python,,,,
Разработчик C/C++,https://hh.ru/vacancy/45779331?from=vacancy_search_result&query=python,150000 – 200000 руб.,150000,200000,руб.
Системный администратор Linux (удаленно),https://hh.ru/vacancy/46249648?from=vacancy_search_result&query=python,,,,
Distributed Systems Engineer,https://hh.ru/vacancy/46377499?from=vacancy_search_result&query=python,от 8000 USD,8000,,USD
Fullstack Разработчик,https://hh.ru/vacancy/46640101?from=vacancy_search_result&query=python,,,,
Преподаватель курсов программирования детям (удалённо),https://hh.ru/vacancy/46418013?from=vacancy_search_result&query=python,до 50000 руб.,,50000,руб.
Разработчик С++,https://hh.ru/vacancy/46342552?from=vacancy_search_result&query=python,,,,
System engineer Linux/DevOps engineer,https://hh.ru/vacancy/42519093?from=vacancy_search_result&query=python,,,,
Data analyst,https://hh.ru/vacancy/46593971?from=vacancy_search_result&query=python,,,,
"Инженер по автоматизации тестирования Python, Логистическая платформа/Доставка",https://hh.ru/vacancy/44782186?from=vacancy_search_result&query=python,,,,
Network Expert (SberDevices),https://hh.ru/vacancy/46410586?from=vacancy_search_result&query=python,,,,
QA Engineer (Python),https://hh.ru/vacancy/45797723?from=vacancy_search_result&query=python,,,,
Ведущий Python разработчик бекенда систем управления флотом,https://hh.ru/vacancy/46177959?from=vacancy_search_result&query=python,,,,
Программист-разработчик,https://hh.ru/vacancy/45906270?from=vacancy_search_result&query=python,125000 – 125000 руб.,125000,125000,руб.
Тестировщик (QA Engineer),https://hh.ru/vacancy/45879607?from=vacancy_search_result&query=python,90000 – 140000 руб.,90000,140000,руб.
Golang Developer,https://hh.ru/vacancy/46298616?from=vacancy_search_result&query=python,200000 – 400000 руб.,200000,400000,руб.
Physics Algorithms Analyst / Аналитик алгоритмов по физике,https://hh.ru/vacancy/45696024?from=vacancy_search_result&query=python,до 50000 руб.,,50000,руб.
Инженер по автоматизации тестирования,https://hh.ru/vacancy/46620274?from=vacancy_search_result&query=python,,,,
Middle frontend с опытом backend разработки,https://hh.ru/vacancy/45976688?from=vacancy_search_result&query=python,100000 – 150000 руб.,100000,150000,руб.
Системный инженер DevOps,https://hh.ru/vacancy/39363274?from=vacancy_search_result&query=python,,,,
Ведущий инженер по разработке ПО,https://hh.ru/vacancy/45319566?from=vacancy_search_result&query=python,,,,
Data scientist / главный специалист по анализу данных и моделированию,https://hh.ru/vacancy/46602577?from=vacancy_search_result&query=python,,,,
Продуктовый Аналитик,https://hh.ru/vacancy/46520455?from=vacancy_search_result&query=python,,,,
SQL developer,https://hh.ru/vacancy/46584500?from=vacancy_search_result&query=python,,,,
Продуктовый аналитик,https://hh.ru/vacancy/45529497?from=vacancy_search_result&query=python,,,,
Middle DevOps-engineer,https://hh.ru/vacancy/46497877?from=vacancy_search_result&query=python,180000 – 250000 руб.,180000,250000,руб.
Системный аналитик DWH в Яндекс.Маркет,https://hh.ru/vacancy/44758578?from=vacancy_search_result&query=python,,,,
Разработчик JavaScript (Node.js Back-end),https://hh.ru/vacancy/38820488?from=vacancy_search_result&query=python,,,,
BI Engineer (Tableau),https://hh.ru/vacancy/46192221?from=vacancy_search_result&query=python,,,,
"Технический руководитель (Python, дистанционный режим)",https://hh.ru/vacancy/46550641?from=vacancy_search_result&query=python,от 300000 руб.,300000,,руб.
Аналитик данных / Data Analyst,https://hh.ru/vacancy/46291039?from=vacancy_search_result&query=python,до 220000 руб.,,220000,руб.
Frontend-программист,https://hh.ru/vacancy/45918970?from=vacancy_search_result&query=python,,,,
Full stack developer (middle+),https://hh.ru/vacancy/45190066?from=vacancy_search_result&query=python,,,,
Senior Frontend-разработчик (React),https://hh.ru/vacancy/46102800?from=vacancy_search_result&query=python,300000 – 400000 руб.,300000,400000,руб.
Младший аналитик web-угроз Threat Intelligence,https://hh.ru/vacancy/45798889?from=vacancy_search_result&query=python,,,,
Системный аналитик (в отдел искусственного интеллекта),https://hh.ru/vacancy/42898022?from=vacancy_search_result&query=python,,,,
Системный аналитик,https://hh.ru/vacancy/45076575?from=vacancy_search_result&query=python,,,,
"Ведущий актуарий по моторным видам (актуарная математика, Python, R, SQL)",https://hh.ru/vacancy/46606283?from=vacancy_search_result&query=python,,,,
Product Analyst,https://hh.ru/vacancy/42134089?from=vacancy_search_result&query=python,,,,
Data Engineer,https://hh.ru/vacancy/45874256?from=vacancy_search_result&query=python,,,,
QA Engineer (WoT Blitz),https://hh.ru/vacancy/43661587?from=vacancy_search_result&query=python,,,,
Information Security Engineer (10011341),https://hh.ru/vacancy/45433121?from=vacancy_search_result&query=python,,,,
DevOps Lead,https://hh.ru/vacancy/45823587?from=vacancy_search_result&query=python,,,,
Разработчик интеграций,https://hh.ru/vacancy/45508274?from=vacancy_search_result&query=python,,,,
Стажёр-разработчик автоматизированных тестов,https://hh.ru/vacancy/45218243?from=vacancy_search_result&query=python,,,,
"Преподаватель IT курсов, программирования, информатики",https://hh.ru/vacancy/43500469?from=vacancy_search_result&query=python,до 140000 руб.,,140000,руб.
"Senior Software Engineer (Platform, Commerce)",https://hh.ru/vacancy/46386589?from=vacancy_search_result&query=python,,,,
Product Owner (Big Data) / Директор по информационным продуктам,https://hh.ru/vacancy/46565326?from=vacancy_search_result&query=python,,,,
Руководитель направления продвинутой аналитики цифровых продаж ЮЛ,https://hh.ru/vacancy/46568674?from=vacancy_search_result&query=python,,,,
Антифрод-аналитик,https://hh.ru/vacancy/46518910?from=vacancy_search_result&query=python,,,,
Ведущий PHP-разработчик,https://hh.ru/vacancy/46538642?from=vacancy_search_result&query=python,от 160000 руб.,160000,,руб.
Специалист по тестированию,https://hh.ru/vacancy/40585500?from=vacancy_search_result&query=python,от 150000 руб.,150000,,руб.
HTML-верстальщик/ Middle Frontend разработчик,https://hh.ru/vacancy/46533768?from=vacancy_search_result&query=python,180000 – 220000 руб.,180000,220000,руб.
System Administrator Linux/DevOps,https://hh.ru/vacancy/46273793?from=vacancy_search_result&query=python,,,,
Frontend-разработчик,https://hh.ru/vacancy/46521775?from=vacancy_search_result&query=python,200000 – 310000 руб.,200000,310000,руб.
Manual QA Engineer ‎(World of Tanks Blitz)‎,https://hh.ru/vacancy/46127413?from=vacancy_search_result&query=python,,,,
Младший системный администратор,https://hh.ru/vacancy/45906700?from=vacancy_search_result&query=python,50000 – 70000 руб.,50000,70000,руб.
Менеджер первой линии по продаже Франшиз (удаленно),https://hh.ru/vacancy/46469669?from=vacancy_search_result&query=python,40000 – 60000 руб.,40000,60000,руб.
Junior Python Developer (Начинающий разработчик Python),https://hh.ru/vacancy/46525324?from=vacancy_search_result&query=python,30000 – 60000 руб.,30000,60000,руб.
Data engineer,https://hh.ru/vacancy/46623080?from=vacancy_search_result&query=python,,,,
Machine Learning Research Engineer (Computer Vision),https://hh.ru/vacancy/45600756?from=vacancy_search_result&query=python,,,,
Data analyst,https://hh.ru/vacancy/44382392?from=vacancy_search_result&query=python,,,,
Junior Data Analyst,https://hh.ru/vacancy/45126997?from=vacancy_search_result&query=python,,,,
Senior Data Engineer/Data Engineer,https://hh.ru/vacancy/45600818?from=vacancy_search_result&query=python,,,,
Junior/Middle Golang-разработчик (Поисковые роботы),https://hh.ru/vacancy/44644094?from=vacancy_search_result&query=python,,,,
Middle+ Backend Developer,https://hh.ru/vacancy/46640116?from=vacancy_search_result&query=python,180 – 250 руб.,180,250,руб.
Инженер данных (Data Engineer),https://hh.ru/vacancy/42013644?from=vacancy_search_result&query=python,,,,
Middle DevOps Engineer,https://hh.ru/vacancy/46375492?from=vacancy_search_result&query=python,1500 – 2500 USD,1500,2500,USD
Backend Developer,https://hh.ru/vacancy/45986372?from=vacancy_search_result&query=python,,,,
Программист-разработчик с AI/Big Data (Thinkforbl Company),https://hh.ru/vacancy/46614514?from=vacancy_search_result&query=python,2083 – 4416 USD,2083,4416,USD
Machine Learning Engineer | Personalisation Team,https://hh.ru/vacancy/46631078?from=vacancy_search_result&query=python,,,,
Исследователь алгоритмов машинного обучения / Researcher,https://hh.ru/vacancy/45813482?from=vacancy_search_result&query=python,от 100000 руб.,100000,,руб.
Back-end software developer (+ DevOps),https://hh.ru/vacancy/45828419?from=vacancy_search_result&query=python,,,,
DevOps Engineer (Middle/Senior),https://hh.ru/vacancy/44354103?from=vacancy_search_result&query=python,,,,
Backend-разработчик Go/C/C++ (Рамблер/почта),https://hh.ru/vacancy/43798359?from=vacancy_search_result&query=python,,,,
Data Engineer,https://hh.ru/vacancy/46614130?from=vacancy_search_result&query=python,,,,
"Senior Software Engineer, Database Engineering (Cube.js Core)",https://hh.ru/vacancy/46377490?from=vacancy_search_result&query=python,от 6000 USD,6000,,USD
"Senior Data scientist (NLP/NLU, в Санкт-Петербург)",https://hh.ru/vacancy/46611990?from=vacancy_search_result&query=python,,,,
Rust Developer,https://hh.ru/vacancy/46138563?from=vacancy_search_result&query=python,от 2000 EUR,2000,,EUR
Преподаватель информатики и программирования,https://hh.ru/vacancy/46632753?from=vacancy_search_result&query=python,20000 – 60000 руб.,20000,60000,руб.
Системный аналитик,https://hh.ru/vacancy/46523071?from=vacancy_search_result&query=python,,,,
Reverse Engineer,https://hh.ru/vacancy/46631842?from=vacancy_search_result&query=python,до 300000 руб.,,300000,руб.
Devops Specialist,https://hh.ru/vacancy/46535061?from=vacancy_search_result&query=python,,,,
Инженер-тестировщик программного обеспечения (middle),https://hh.ru/vacancy/45924100?from=vacancy_search_result&query=python,90000 – 110000 руб.,90000,110000,руб.
Senior developer C++ (проект 3D-моделирования),https://hh.ru/vacancy/45158999?from=vacancy_search_result&query=python,,,,
DevOps инженер,https://hh.ru/vacancy/45471197?from=vacancy_search_result&query=python,,,,
PostgreSQL DBA (обеспечение качества СУБД),https://hh.ru/vacancy/45834978?from=vacancy_search_result&query=python,,,,
C++ разработчик,https://hh.ru/vacancy/45506274?from=vacancy_search_result&query=python,160000 – 230000 руб.,160000,230000,руб.
Junior GPU Performance Engineer,https://hh.ru/vacancy/44952669?from=vacancy_search_result&query=python,,,,
Middle Автоматизатор тестирования,https://hh.ru/vacancy/46486920?from=vacancy_search_result&query=python,,,,
QA automation engineer (Автотека),https://hh.ru/vacancy/44580250?from=vacancy_search_result&query=python,,,,
Специалист по тестированию (IC++),https://hh.ru/vacancy/46633774?from=vacancy_search_result&query=python,,,,
Системный аналитик,https://hh.ru/vacancy/46100589?from=vacancy_search_result&query=python,,,,
Системный аналитик (кибербезопасность / B2B SaaS),https://hh.ru/vacancy/44684417?from=vacancy_search_result&query=python,180000 – 250000 руб.,180000,250000,руб.
BI аналитик,https://hh.ru/vacancy/46490067?from=vacancy_search_result&query=python,,,,
QA Engineer (Mobile),https://hh.ru/vacancy/45966579?from=vacancy_search_result&query=python,до 140000 руб.,,140000,руб.
IT Support Engineer,https://hh.ru/vacancy/40528849?from=vacancy_search_result&query=python,,,,
BI Аналитик,https://hh.ru/vacancy/46633693?from=vacancy_search_result&query=python,,,,
DevOps specialist - FX4Cash,https://hh.ru/vacancy/46230639?from=vacancy_search_result&query=python,,,,
DevOps инженер,https://hh.ru/vacancy/40506541?from=vacancy_search_result&query=python,,,,
DevOps engineer/Системный администратор,https://hh.ru/vacancy/46640288?from=vacancy_search_result&query=python,,,,
Senior Node.js Developer,https://hh.ru/vacancy/45987315?from=vacancy_search_result&query=python,,,,
Разработчик Qlik,https://hh.ru/vacancy/46621661?from=vacancy_search_result&query=python,,,,
DevOps инженер,https://hh.ru/vacancy/46568769?from=vacancy_search_result&query=python,от 250000 руб.,250000,,руб.
Продуктовый аналитик в команду Самозанятых,https://hh.ru/vacancy/46609903?from=vacancy_search_result&query=python,,,,
Аналитик в GameDev (MY.GAMES),https://hh.ru/vacancy/46412827?from=vacancy_search_result&query=python,,,,
DevOps,https://hh.ru/vacancy/45909185?from=vacancy_search_result&query=python,100000 – 150000 руб.,100000,150000,руб.
DevOps-инженер,https://hh.ru/vacancy/44892544?from=vacancy_search_result&query=python,до 250000 руб.,,250000,руб.
Инженер нагрузочного тестирования (НТ),https://hh.ru/vacancy/46622189?from=vacancy_search_result&query=python,,,,
Стажёр-инженер АСУ / Automation junior engineer,https://hh.ru/vacancy/45152473?from=vacancy_search_result&query=python,,,,
Fullstack-разработчик (MY.GAMES),https://hh.ru/vacancy/46629790?from=vacancy_search_result&query=python,,,,
Аналитик Data Science,https://hh.ru/vacancy/45350928?from=vacancy_search_result&query=python,,,,
Администратор DevOps,https://hh.ru/vacancy/46610812?from=vacancy_search_result&query=python,до 150000 руб.,,150000,руб.
Senior Data Analyst (fintech),https://hh.ru/vacancy/46607353?from=vacancy_search_result&query=python,,,,
DevOps / SRE инженер,https://hh.ru/vacancy/46632585?from=vacancy_search_result&query=python,,,,
Java разработчик,https://hh.ru/vacancy/46628674?from=vacancy_search_result&query=python,,,,
Mobile automation QA,https://hh.ru/vacancy/44534366?from=vacancy_search_result&query=python,,,,
Аналитик,https://hh.ru/vacancy/46530515?from=vacancy_search_result&query=python,,,,
Game Project Analyst,https://hh.ru/vacancy/46090593?from=vacancy_search_result&query=python,,,,
Junuor/Middle QA Engineer,https://hh.ru/vacancy/46612463?from=vacancy_search_result&query=python,от 50000 руб.,50000,,руб.
Senior Product Analyst,https://hh.ru/vacancy/40375714?from=vacancy_search_result&query=python,250000 – 350000 руб.,250000,350000,руб.
Аналитик Данных/ Data Analyst,https://hh.ru/vacancy/45646104?from=vacancy_search_result&query=python,,,,
Senior Go Developer,https://hh.ru/vacancy/45909235?from=vacancy_search_result&query=python,,,,
Стажер-аналитик (большие данные),https://hh.ru/vacancy/46623111?from=vacancy_search_result&query=python,,,,
Senior Software Backend Engineer in Deutschland,https://hh.ru/vacancy/46314392?from=vacancy_search_result&query=python,5000 – 7000 EUR,5000,7000,EUR
Data Engineer в Такси,https://hh.ru/vacancy/45649814?from=vacancy_search_result&query=python,,,,
Аналитик данных,https://hh.ru/vacancy/46466740?from=vacancy_search_result&query=python,,,,
Middle / Senior Django разработчик (удаленно)  (ИТ-разработка и консалтинг для крупного бизнеса),https://hh.ru/vacancy/46537790?from=vacancy_search_result&query=python,80000 – 200000 руб.,80000,200000,руб.
Full-stack разработчик,https://hh.ru/vacancy/46367732?from=vacancy_search_result&query=python,от 180000 руб.,180000,,руб.
"Software Engineer (Tools, WoTBlitz)",https://hh.ru/vacancy/46387982?from=vacancy_search_result&query=python,,,,
Junior QA Engineer (Начинающий тестировщик ПО),https://hh.ru/vacancy/46636531?from=vacancy_search_result&query=python,30000 – 60000 руб.,30000,60000,руб.
Data Scientist в Яндекс.Маркет,https://hh.ru/vacancy/45870312?from=vacancy_search_result&query=python,,,,
Senior/Lead System analyst,https://hh.ru/vacancy/46074095?from=vacancy_search_result&query=python,,,,
Программист-разработчик,https://hh.ru/vacancy/46625909?from=vacancy_search_result&query=python,,,,
DevOps Engineer (OpenStack),https://hh.ru/vacancy/45834496?from=vacancy_search_result&query=python,,,,
Middle/Lead Product Analyst,https://hh.ru/vacancy/45930478?from=vacancy_search_result&query=python,,,,
Аналитик BI/Data/Web/Bussiness,https://hh.ru/vacancy/46234901?from=vacancy_search_result&query=python,,,,
C/C++ Developer,https://hh.ru/vacancy/32569325?from=vacancy_search_result&query=python,,,,
"Программист-разработчик (C++, QT) - в Южную Корею",https://hh.ru/vacancy/45912131?from=vacancy_search_result&query=python,160000 – 200000 руб.,160000,200000,руб.
Back-end/fullstack разработчик,https://hh.ru/vacancy/46383418?from=vacancy_search_result&query=python,от 130000 руб.,130000,,руб.
Business Data Scientist (Cyprus),https://hh.ru/vacancy/45830553?from=vacancy_search_result&query=python,,,,
Backend developer / разработчик middle,https://hh.ru/vacancy/45909685?from=vacancy_search_result&query=python,от 150000 руб.,150000,,руб.
Разработчик C# / Middle asp.net developer,https://hh.ru/vacancy/46098427?from=vacancy_search_result&query=python,,,,
Инженер-программист,https://hh.ru/vacancy/44781762?from=vacancy_search_result&query=python,,,,
Инженер DevOps,https://hh.ru/vacancy/46535626?from=vacancy_search_result&query=python,,,,
DevOps engineer - GBA,https://hh.ru/vacancy/46538987?from=vacancy_search_result&query=python,,,,
Стажер IT (нагрузочное тестирование),https://hh.ru/vacancy/46524394?from=vacancy_search_result&query=python,45000 – 55000 руб.,45000,55000,руб.
Специалист автоматизированного тестирования (QA Engineer Middle/Senior),https://hh.ru/vacancy/45929151?from=vacancy_search_result&query=python,от 100000 руб.,100000,,руб.
Аналитик данных,https://hh.ru/vacancy/45775286?from=vacancy_search_result&query=python,,,,
Senior Software Engineer (Embedded Linux Application and Services),https://hh.ru/vacancy/45912657?from=vacancy_search_result&query=python,,,,
Software Developer,https://hh.ru/vacancy/44070544?from=vacancy_search_result&query=python,,,,
Back-end javascript программист,https://hh.ru/vacancy/45987177?from=vacancy_search_result&query=python,до 200000 руб.,,200000,руб.
Junior разработчик SQL с RUN функцией (Premium Solutions),https://hh.ru/vacancy/46575465?from=vacancy_search_result&query=python,,,,
Linux engineer (SberDevices),https://hh.ru/vacancy/46411412?from=vacancy_search_result&query=python,,,,
Middle/Senior full stack разработчик .NET,https://hh.ru/vacancy/42849194?from=vacancy_search_result&query=python,140000 – 250000 руб.,140000,250000,руб.
Разработчик Hadoop (Банк),https://hh.ru/vacancy/46640261?from=vacancy_search_result&query=python,,,,
EDA Data Analyst Intern,https://hh.ru/vacancy/43435279?from=vacancy_search_result&query=python,,,,
Senior DevOps Engineer,https://hh.ru/vacancy/45080947?from=vacancy_search_result&query=python,,,,
Middle/Senior C++ Developer,https://hh.ru/vacancy/42397159?from=vacancy_search_result&query=python,от 250000 руб.,250000,,руб.
Golang Expert/Golang developer,https://hh.ru/vacancy/44201503?from=vacancy_search_result&query=python,,,,
WebGL Engineer,https://hh.ru/vacancy/45680491?from=vacancy_search_result&query=python,,,,
Senior ML Engineer (удаленно или офис в Москве),https://hh.ru/vacancy/46607061?from=vacancy_search_result&query=python,,,,
Back-end Developer (Middle/Senior),https://hh.ru/vacancy/46640044?from=vacancy_search_result&query=python,до 280000 руб.,,280000,руб.
Code reviewer (JavaScript),https://hh.ru/vacancy/44406444?from=vacancy_search_result&query=python,,,,
Разработчик облачного хранилища (Go),https://hh.ru/vacancy/43522324?from=vacancy_search_result&query=python,,,,
Продуктовый аналитик,https://hh.ru/vacancy/45772200?from=vacancy_search_result&query=python,от 230000 руб.,230000,,руб.
DevOps / SRE,https://hh.ru/vacancy/46498612?from=vacancy_search_result&query=python,5700 – 7000 USD,5700,7000,USD
DevOps-инженер,https://hh.ru/vacancy/46638631?from=vacancy_search_result&query=python,,,,
QA engineer (функциональное тестирование),https://hh.ru/vacancy/45914836?from=vacancy_search_result&query=python,,,,
Старший инженер по тестированию,https://hh.ru/vacancy/46098288?from=vacancy_search_result&query=python,,,,
ETL-разработчик данных в Такси,https://hh.ru/vacancy/46010725?from=vacancy_search_result&query=python,,,,
Сomputer Vision Engineer,https://hh.ru/vacancy/46063346?from=vacancy_search_result&query=python,от 100000 руб.,100000,,руб.
Разработчик для ОС Android,https://hh.ru/vacancy/46489246?from=vacancy_search_result&query=python,40000 – 100000 руб.,40000,100000,руб.
ANDROID-Разработчик,https://hh.ru/vacancy/46525301?from=vacancy_search_result&query=python,30000 – 60000 руб.,30000,60000,руб.
Senior Embedded developer (C++),https://hh.ru/vacancy/46628474?from=vacancy_search_result&query=python,,,,
PHP-программист (Стажёр),https://hh.ru/vacancy/46633507?from=vacancy_search_result&query=python,,,,
Системный аналитик,https://hh.ru/vacancy/46226438?from=vacancy_search_result&query=python,,,,
Системный / DevOps инженер-разработчик Linux в направление по созданию решений на базе виртуализации,https://hh.ru/vacancy/46243133?from=vacancy_search_result&query=python,,,,
Системный аналитик/system analyst,https://hh.ru/vacancy/46530825?from=vacancy_search_result&query=python,от 150000 руб.,150000,,руб.
